cluster,month,series,q25,median,q75
0,2023-01,y,16280.0,17842.0,19883.0
0,2023-01,r,-0.1474770036550801,-0.055859135737883,0.0524507310464681
0,2023-02,y,17445.0,19013.0,21270.0
0,2023-02,r,-0.1480147085789998,-0.0619448274902882,0.0502298459944086
0,2023-03,y,18731.0,20329.0,22948.0
0,2023-03,r,-0.1588605453738871,-0.0769920126487146,0.044190336051983
0,2023-04,y,16727.0,18442.0,20553.0
0,2023-04,r,-0.1743486044466671,-0.0767421126595895,0.0316341309123338
0,2023-05,y,17264.0,18832.0,21242.0
0,2023-05,r,-0.173945518991772,-0.087011376989631,0.0334114263917975
0,2023-06,y,17185.0,18887.0,21368.0
0,2023-06,r,-0.1862417070047772,-0.091804762592865,0.0316158585010857
0,2023-07,y,17819.0,19675.0,22189.0
0,2023-07,r,-0.1915943301962652,-0.0925108396380753,0.0277370366427369
0,2023-08,y,18024.0,19679.0,22176.0
0,2023-08,r,-0.1875416706518642,-0.0996937964568545,0.0197647492256844
0,2023-09,y,16832.0,18290.0,20370.0
0,2023-09,r,-0.1864026506166958,-0.103330024769221,0.0043787430667201
0,2023-10,y,17092.0,18749.0,20948.0
0,2023-10,r,-0.203432658635462,-0.1109027587564277,0.0
0,2023-11,y,17726.0,19465.0,21850.0
0,2023-11,r,-0.1939967142992422,-0.1004112215530295,0.0151717189261511
0,2023-12,y,21096.0,22995.0,25591.0
0,2023-12,r,-0.1911624015534077,-0.1049690496125066,0.0019948765685402
0,2024-01,y,16418.0,17717.0,19700.0
0,2024-01,r,-0.179088170821025,-0.1029418341287993,0.0031521709968433
0,2024-02,y,18138.0,19594.0,21941.0
0,2024-02,r,-0.1903478476344364,-0.1131336357373626,0.0
0,2024-03,y,19787.0,21452.0,24083.0
0,2024-03,r,-0.1966471194603531,-0.1158543947499772,-0.0001660784724588
0,2024-04,y,19700.0,21238.0,23451.0
0,2024-04,r,-0.1853204397408987,-0.1101470455031865,-0.0110259375785375
0,2024-05,y,19627.0,21179.0,23915.0
0,2024-05,r,-0.202147161377086,-0.1260432059755647,-0.0045474535487688
0,2024-06,y,19814.0,21698.0,24144.0
0,2024-06,r,-0.210691253946905,-0.1198599220974845,-0.0130441104722489
0,2024-07,y,20115.0,21988.0,24494.0
0,2024-07,r,-0.2192483287400897,-0.130217284143427,-0.0222859445427463
0,2024-08,y,20164.0,21984.0,24751.0
0,2024-08,r,-0.2251649150353056,-0.1387488352157522,-0.0201978590168074
0,2024-09,y,18557.0,20064.0,22606.0
0,2024-09,r,-0.2242530288426127,-0.1461729407543046,-0.0268847474362754
0,2024-10,y,19713.0,21408.0,23989.0
0,2024-10,r,-0.2230116499559411,-0.1405252825939644,-0.0266945745919979
0,2024-11,y,19555.0,21525.0,24108.0
0,2024-11,r,-0.2253196528661245,-0.1293356107598064,-0.016006925452805
0,2024-12,y,23145.0,25390.0,28226.0
0,2024-12,r,-0.2323899347910032,-0.1398133135576493,-0.033925170282421
0,M01,seasonal,-0.010773841725256,0.0124963533800183,0.0359155878341289
0,M02,seasonal,-0.0067083637643146,0.0112132748911118,0.031184354222461
0,M03,seasonal,-0.0116353560938943,0.008851220725489,0.0263954666549748
0,M04,seasonal,-0.0114723716116567,0.0035780448157065,0.0163014468920932
0,M05,seasonal,-0.0149037145849321,0.0009606754353767,0.0133271820271375
0,M06,seasonal,-0.0181890717018543,-0.0034148115198974,0.0115576372353559
0,M07,seasonal,-0.022834193811199,-0.007925260227086,0.0112480953321957
0,M08,seasonal,-0.0251988445053877,-0.0079488792831321,0.0103705566683471
0,M09,seasonal,-0.0260133173165565,-0.0088705122172273,0.0084708439311014
0,M10,seasonal,-0.0230604865163285,-0.0099476324094505,0.0069664365210925
0,M11,seasonal,-0.0169687785019275,-0.0020951720406089,0.0166490642382749
0,M12,seasonal,-0.0252492016118624,-4.023485971782828e-05,0.0188106977973288
1,2023-01,y,16713.25,18130.5,19770.5
1,2023-01,r,-0.12121272384411871,-0.03981877075070535,0.046776562518597374
1,2023-02,y,17803.5,19364.5,21129.25
1,2023-02,r,-0.1276728592489999,-0.0436266533780624,0.04359051774137863
1,2023-03,y,19310.75,21040.0,22995.25
1,2023-03,r,-0.12837853538911226,-0.04261517576614254,0.046247221996534124
1,2023-04,y,17470.25,19103.5,21044.0
1,2023-04,r,-0.13087336553996912,-0.04150122078068545,0.055242035798107325
1,2023-05,y,18017.875,19641.5,21628.75
1,2023-05,r,-0.1312046086142513,-0.0449243697204586,0.05145444835615628
1,2023-06,y,18211.75,19886.0,21970.75
1,2023-06,r,-0.12821162742375192,-0.0402626621280477,0.059433404219596676
1,2023-07,y,19009.25,20523.5,22651.75
1,2023-07,r,-0.12693394385325663,-0.05028927922041945,0.048377468744069604
1,2023-08,y,19151.5,20771.0,22815.5
1,2023-08,r,-0.12686491508226758,-0.045688554257903705,0.0481940937458338
1,2023-09,y,17858.5,19405.0,21363.25
1,2023-09,r,-0.12720493121388093,-0.044153755546894,0.05198757834458817
1,2023-10,y,18378.25,20006.0,22030.5
1,2023-10,r,-0.13087547865309013,-0.046010992827266506,0.050384679690022624
1,2023-11,y,19064.25,20538.5,22491.0
1,2023-11,r,-0.12121436182378213,-0.046728031686264104,0.044085881332431825
1,2023-12,y,22827.25,24664.5,27053.25
1,2023-12,r,-0.11229085447828918,-0.0348811115297582,0.05756121531045895
1,2024-01,y,17422.25,18932.5,20659.5
1,2024-01,r,-0.11971835491673394,-0.0365864598292162,0.05070854351973603
1,2024-02,y,19526.25,21273.0,22971.25
1,2024-02,r,-0.11659734825451194,-0.03091837077471645,0.045886323041255776
1,2024-03,y,21554.5,23249.0,25341.25
1,2024-03,r,-0.11108767167977877,-0.035410200842028,0.05076122328016677
1,2024-04,y,21144.75,22885.5,24904.75
1,2024-04,r,-0.11454744474316625,-0.03543555921224325,0.0491194714847811
1,2024-05,y,21267.75,23025.5,25265.25
1,2024-05,r,-0.12186150664786227,-0.0424510334846077,0.05037659945427017
1,2024-06,y,21585.75,23448.0,25899.0
1,2024-06,r,-0.12504663794351728,-0.04229483182433205,0.05712434318759247
1,2024-07,y,22164.0,23918.5,26482.75
1,2024-07,r,-0.12224485949669532,-0.04606191627429985,0.05577942732622305
1,2024-08,y,22523.75,24238.5,26769.25
1,2024-08,r,-0.11449344781701667,-0.04112149890188195,0.05818986963901902
1,2024-09,y,20563.25,22401.5,24615.75
1,2024-09,r,-0.12159461404534117,-0.03597252530406435,0.058286375374834554
1,2024-10,y,21893.75,23713.0,26176.25
1,2024-10,r,-0.11808879163618342,-0.03826661760060805,0.060562484246000595
1,2024-11,y,21827.75,23787.0,25866.75
1,2024-11,r,-0.11536862187518035,-0.029411875812233,0.0544076485222815
1,2024-12,y,25830.0,28022.5,30957.25
1,2024-12,r,-0.12263275247866806,-0.041160951793768705,0.058438503289776275
1,M01,seasonal,-0.01791673366821395,0.0035715042934431,0.024588299794552276
1,M02,seasonal,-0.012074215638974376,0.00262660120441115,0.018962126478933125
1,M03,seasonal,-0.011463245422697851,0.00166577267341255,0.014586207240653175
1,M04,seasonal,-0.009196360087858076,0.00386126432047435,0.01520056580029675
1,M05,seasonal,-0.011438469089729324,0.00061051537201945,0.012732305755215199
1,M06,seasonal,-0.014983043234897625,0.00095928898972075,0.015009308285260824
1,M07,seasonal,-0.0178539585354478,-0.00368879579613035,0.01342645745705185
1,M08,seasonal,-0.01638223247774025,-0.00101499884275515,0.013254785930357475
1,M09,seasonal,-0.0124569978101808,0.0003205408993663,0.01207752040685605
1,M10,seasonal,-0.017001132819745076,-0.004563024916168451,0.008801739323158399
1,M11,seasonal,-0.016275082812398926,-0.00098137748504615,0.012182114706621075
1,M12,seasonal,-0.01753306735805675,-0.0013140908585552499,0.016443744849910725
2,2023-01,y,20235.0,23044.5,26126.5
2,2023-01,r,0.0699978007665342,0.20001183079048074,0.3255357337510127
2,2023-02,y,21419.5,24040.5,27468.5
2,2023-02,r,0.057230903220668976,0.1726717959348329,0.3059715010248349
2,2023-03,y,23696.75,26544.0,29758.25
2,2023-03,r,0.07629708869324325,0.18976264408524465,0.304063135876957
2,2023-04,y,22066.5,25185.5,28422.0
2,2023-04,r,0.1026822866232839,0.2348952829383792,0.3557891446334817
2,2023-05,y,22947.75,26149.5,29426.75
2,2023-05,r,0.11065090072637225,0.24126113779161779,0.35933501502989174
2,2023-06,y,23226.75,26178.5,29757.75
2,2023-06,r,0.11502513926995254,0.23465973188931594,0.36281073062894004
2,2023-07,y,24427.5,27296.5,30761.75
2,2023-07,r,0.1238494550892426,0.23489864939251692,0.35441229321764345
2,2023-08,y,24838.0,27892.0,31367.75
2,2023-08,r,0.1331277936987565,0.24909372450834685,0.36653411151638243
2,2023-09,y,23208.0,26345.5,29823.75
2,2023-09,r,0.1348125596471074,0.2616123251155908,0.3856205222923474
2,2023-10,y,24137.0,27471.5,30839.25
2,2023-10,r,0.14170209792853503,0.27110585417891464,0.3867450007572568
2,2023-11,y,25019.25,28098.0,31419.25
2,2023-11,r,0.150616300648219,0.2666691334825932,0.3783909665846452
2,2023-12,y,29420.75,32690.0,37140.0
2,2023-12,r,0.14145415694043484,0.2468231226199062,0.37444696290191803
2,2024-01,y,22744.25,26105.0,29127.75
2,2024-01,r,0.14684589692074682,0.28466032874472,0.3942244518289786
2,2024-02,y,25006.25,28385.5,32062.75
2,2024-02,r,0.13076364237209015,0.2575204989338493,0.3793378472860724
2,2024-03,y,27773.0,31563.5,35002.25
2,2024-03,r,0.1423911931255808,0.27032870617932403,0.37373919228595787
2,2024-04,y,27439.5,30664.5,34219.5
2,2024-04,r,0.14604442148745184,0.2571665474584863,0.3668542639113714
2,2024-05,y,27349.5,31156.5,34935.0
2,2024-05,r,0.12964095394735464,0.2599690164700821,0.3744357383713814
2,2024-06,y,28247.25,31640.0,35686.5
2,2024-06,r,0.14391609510612594,0.25734158649405625,0.3776916868938134
2,2024-07,y,29111.0,32469.5,36938.25
2,2024-07,r,0.15040048887107632,0.25958631305601987,0.3885333993382751
2,2024-08,y,29693.5,33041.5,37458.5
2,2024-08,r,0.16186383361143705,0.26869998573247766,0.39416936061498653
2,2024-09,y,27657.0,30559.0,34482.75
2,2024-09,r,0.17477870626616582,0.2745581915694757,0.39535887220502985
2,2024-10,y,29176.0,32348.0,36366.0
2,2024-10,r,0.16905538688619076,0.27225852834990505,0.3893432144230932
2,2024-11,y,28892.0,32500.0,36533.75
2,2024-11,r,0.1650140773181316,0.2826893482620836,0.3996857988350011
2,2024-12,y,34126.5,38316.0,42775.25
2,2024-12,r,0.15590548353325626,0.27169879668963937,0.38179091766245365
2,M01,seasonal,-0.016667159529149125,0.00224869518294565,0.022721521582823152
2,M02,seasonal,-0.03520194251263878,-0.02433425985994345,-0.009461331123022325
2,M03,seasonal,-0.03146705079038245,-0.0171019199331662,-0.00552990739598365
2,M04,seasonal,-0.011424995858400726,0.0011975970862821502,0.011215800922686599
2,M05,seasonal,-0.0089210788367836,0.00229510787517435,0.01129123033188865
2,M06,seasonal,-0.014785283967074651,-0.00152189704532385,0.0171676428794703
2,M07,seasonal,-0.012604326904128375,-0.0037130446283384,0.016699763164393724
2,M08,seasonal,-0.0026895833620612253,0.0074159254446896,0.020597464519461976
2,M09,seasonal,0.003978220520692425,0.01686278323364915,0.027264277547915848
2,M10,seasonal,-0.003579385881281175,0.01197785212927455,0.023860021733885253
2,M11,seasonal,-0.0088505855059851,0.0117643106569091,0.022891983206374825
2,M12,seasonal,-0.02195573940924165,-0.007467701067294949,0.0086120664881365
3,2023-01,y,22953.0,27636.0,32545.25
3,2023-01,r,0.19603393840147373,0.3817020546648306,0.5452156349852038
3,2023-02,y,26132.25,31954.0,38082.25
3,2023-02,r,0.25608866041086426,0.4571678686371276,0.6326426228677313
3,2023-03,y,28065.5,34922.5,40863.25
3,2023-03,r,0.24533879478448115,0.4640845151476105,0.6211837384832801
3,2023-04,y,25130.5,31610.0,38142.5
3,2023-04,r,0.23266742849684655,0.46209377377329197,0.6499016137748166
3,2023-05,y,25368.25,34210.5,39049.75
3,2023-05,r,0.2109113954158834,0.5099632630758055,0.6422603768090749
3,2023-06,y,28999.5,37311.0,42321.0
3,2023-06,r,0.33659521543965715,0.5889909007558369,0.7149582016105884
3,2023-07,y,30058.5,39525.0,49023.0
3,2023-07,r,0.3312855001088244,0.6050734415798891,0.8204281860142153
3,2023-08,y,31023.25,38514.5,48573.0
3,2023-08,r,0.3554885290221112,0.571747744973317,0.8037634735909247
3,2023-09,y,26436.0,33688.5,43554.75
3,2023-09,r,0.2650408906571146,0.5074718420081075,0.7643304802157211
3,2023-10,y,26702.0,34202.5,45341.25
3,2023-10,r,0.24269085109695337,0.4901956151136311,0.7720043835547612
3,2023-11,y,26484.25,32396.0,43131.5
3,2023-11,r,0.2075210107230338,0.40898534136375536,0.6951219219586471
3,2023-12,y,35768.75,42524.0,53875.25
3,2023-12,r,0.33672799482602844,0.5097178396214712,0.7464016003896683
3,2024-01,y,23137.0,30830.0,37890.0
3,2024-01,r,0.16394645632555832,0.45096924563497964,0.6572112990388819
3,2024-02,y,26899.75,36128.0,42414.0
3,2024-02,r,0.20371623748043083,0.4986612302871949,0.6591207126091736
3,2024-03,y,30365.0,39040.5,47173.75
3,2024-03,r,0.23158931185867265,0.48292709605757356,0.6721341874828459
3,2024-04,y,29577.5,37512.5,45428.0
3,2024-04,r,0.22095271195173313,0.4587310291137854,0.6501392961807491
3,2024-05,y,29719.25,37784.5,45395.75
3,2024-05,r,0.2127304824317972,0.4528331906315692,0.6363381014780334
3,2024-06,y,32879.25,42750.5,51732.75
3,2024-06,r,0.2956539805773364,0.5582853165180381,0.7490077656517982
3,2024-07,y,32792.25,45532.0,54448.5
3,2024-07,r,0.26947558708829655,0.5976382608794468,0.7765295102412693
3,2024-08,y,34465.0,46082.5,53347.0
3,2024-08,r,0.3108805032214556,0.6004168970173405,0.7477158789934322
3,2024-09,y,30000.5,37781.0,48905.5
3,2024-09,r,0.25608987162127894,0.48644768914153236,0.7447787088153572
3,2024-10,y,31248.0,39278.0,49115.25
3,2024-10,r,0.23766536919781472,0.46637179605456675,0.6898533962542195
3,2024-11,y,30034.25,36773.0,47461.0
3,2024-11,r,0.20378739859671396,0.40619987089589316,0.6609069888076973
3,2024-12,y,39585.25,47427.5,60863.25
3,2024-12,r,0.3042878647929479,0.4850071384725343,0.7344529023325426
3,M01,seasonal,-0.12321507323930211,-0.09337015496087545,-0.06703574257688913
3,M02,seasonal,-0.07400531023835108,-0.049538703504216394,-0.020887162706561626
3,M03,seasonal,-0.07162714404179923,-0.0496927958522034,-0.025870104505387126
3,M04,seasonal,-0.06729938403465442,-0.0422290851507449,-0.0227060079954362
3,M05,seasonal,-0.08057499562045933,-0.053216586843007646,-0.013699182082400126
3,M06,seasonal,0.031734082149797324,0.05225531984774395,0.08487516667200679
3,M07,seasonal,0.038456915657093076,0.07907950830990325,0.12611750967076907
3,M08,seasonal,0.0668824059006983,0.0936514300447785,0.13035163988873444
3,M09,seasonal,0.009273444006186723,0.0355648913165713,0.060257641270508054
3,M10,seasonal,-0.028328978093901225,0.00416325965260495,0.046768705613700945
3,M11,seasonal,-0.08060330727949461,-0.03673034180222675,-0.008092040048268625
3,M12,seasonal,0.004186918472074875,0.0470059340477365,0.07695449033800647
