mo,kmeans,ward,gmm,sil_kmeans,dist_kmeans
Абазинский муниципальный район,0,0,0,0.05367099913877409,1.3557462432969485
Абанский муниципальный район,1,2,1,-0.033105503237934375,0.7309957034818886
Абатский муниципальный район,2,2,3,0.3802100991068607,0.4719617138076361
Абзелиловский муниципальный район,1,1,0,0.11914181474828298,1.0417049482169471
Абыйский муниципальный район,4,4,4,0.31618698168837805,1.8118173291536248
Агинский муниципальный район,1,2,3,0.005587680620080934,1.4028743834089181
Агрызский муниципальный район,2,2,1,0.27218590571651363,0.7343101311532038
Адамовский муниципальный район,0,2,1,0.1478907992561958,1.0108769583518797
Азнакаевский муниципальный район,2,2,0,0.176136748766995,1.1993778515068803
Азовский немецкий национальный муниципальный район,1,1,1,0.22949999972099674,0.3903915278734171
Акбулакский муниципальный район,1,2,1,-0.0742412636632869,0.8841061382236688
Аксубаевский муниципальный район,0,2,1,0.11186937237316297,0.9538431550769602
Актанышский муниципальный район,1,1,1,-0.008812912801093085,1.385605597603088
Алагирский муниципальный район,0,0,0,0.16189500165267565,2.011247338446809
Аларский муниципальный район,1,1,3,0.08680463341394096,1.4300267372408262
Алданский муниципальный район,3,3,3,0.3215340769658224,1.5793401740818183
Александро-Невский муниципальный район,2,2,2,0.23410003390677245,0.8671940525549106
Александрово-Гайский муниципальный район,0,2,3,-0.01930370993044607,0.7457938881540956
Аликовский муниципальный округ,1,1,1,0.281014584581171,1.1708345777768783
Алькеевский муниципальный район,1,1,1,0.1377913020354881,0.6313837902642777
Альменевский муниципальный округ,0,2,1,0.09007043125264133,1.2492218510476698
Альметьевский муниципальный район,3,3,3,0.29081012018137187,0.4844455536411542
Альшеевский муниципальный район,1,1,2,0.09300547137123262,0.9679927645792115
Амгинский муниципальный район,4,4,4,0.3304630169428996,1.3933414117772567
Амурский муниципальный район,3,3,1,0.0067368077103477034,1.209552390681799
Анабарский национальный (долгано-эвенкийский) муниципальный район,4,4,4,0.302927439107137,1.958554153686012
Анадырский муниципальный район,4,4,4,0.2702328712347432,1.9689907186680289
Андроповский муниципальный округ,2,2,3,0.3791085357428485,0.5531091788556605
Антроповский муниципальный район,1,1,1,0.1704516234466213,1.201123475715511
Анучинский муниципальный округ,2,2,1,0.13366630829379128,1.2082579403109925
Апанасенковский муниципальный округ,2,2,3,0.3837098117937995,0.5615025420794629
Апастовский муниципальный район,1,1,1,0.1544973875446824,1.1668821187686886
Аргаяшский муниципальный район,2,2,3,0.3389539337887898,0.6072903702122764
Ардатовский муниципальный округ,2,2,1,0.3582745661749458,0.7373657416485574
Ардатовский муниципальный район,1,1,1,0.08064742555743043,1.0882020872918512
Ардонский муниципальный район,0,0,0,0.14849448547734176,2.4064474255012582
Арзгирский муниципальный округ,0,2,1,-0.11856538849088043,0.9205979041755753
Аркадакский муниципальный район,2,2,2,0.4134111112788958,0.6129595851759048
Армизонский муниципальный район,0,2,3,-0.042683492196020155,1.0107199600761896
Аромашевский муниципальный район,2,2,3,0.33788431339259706,0.4513270591722821
Арсеньевский муниципальный район,2,2,0,0.19034681837313147,1.1069717382717688
Арский муниципальный район,2,2,1,0.1344707872548886,0.9901260831998834
Архангельский муниципальный район,2,2,1,0.14229164617399187,1.2296208922746164
Архаринский муниципальный округ,2,2,3,0.19274382090749118,1.003136607563521
Асекеевский муниципальный район,0,2,1,-0.06549657226237629,1.1645436794313775
Асиновский муниципальный район,2,2,3,0.13390553400549138,1.0787986519804347
Аскинский муниципальный район,1,2,3,-0.008188455274625299,0.8184179955182586
Аткарский муниципальный район,2,2,3,0.3528781699443212,0.6536475908377958
Атнинский муниципальный район,0,1,1,0.16618531387577884,2.0170598953003944
Атюрьевский муниципальный район,0,2,0,0.13931245299977782,0.9365337391613037
Атяшевский муниципальный район,2,2,3,0.3218073299595924,0.7736005249427106
Аургазинский муниципальный район,1,1,0,0.25377233487944933,1.7021796807552996
Ахтубинский муниципальный район,2,2,1,0.1958114915328753,1.1918937305896389
Ашинский муниципальный район,2,2,3,0.1948295402041714,0.8554030543979079
Бабаевский муниципальный округ,1,1,1,0.035507491142196,1.0009612407762831
Бабушкинский муниципальный округ,1,1,3,0.04882348323980304,0.7586850984741619
Бабынинский муниципальный район,1,1,1,0.2142628863400297,1.224022108744295
Бавлинский муниципальный район,1,1,1,0.1133467497041016,1.4887550663467357
Баганский муниципальный район,0,2,3,-0.10393649036194626,1.015312022425461
Баевский муниципальный район,2,2,3,0.2577801363274259,0.7676419815705079
Базарно-Карабулакский муниципальный район,1,2,3,-0.10354067610376672,0.9310624976197207
Базарносызганский муниципальный район,2,2,3,0.25327611696108443,0.7420786596394902
Бай-Тайгинский муниципальный район,4,4,4,-0.04805071511105911,2.874100102394739
Байкаловский муниципальный район,2,2,3,0.2405260580758059,0.8731662134467096
Баймакский муниципальный район,1,2,3,-0.13551187831387054,0.8129525022112585
Бакалинский муниципальный район,2,2,1,0.1932362846709157,1.0496699949691193
Бакчарский муниципальный район,2,2,3,0.28636196443124984,0.7505178312869429
Балаганский муниципальный район,1,2,3,-0.06638246595385072,1.3249768713116683
Балаковский муниципальный район,3,3,3,0.1424450492060648,0.7150642323238773
Балахнинский муниципальный округ,3,3,3,0.4011053303264793,0.34956432119424297
Балахтинский муниципальный район,3,0,1,0.0815928121827592,1.8763286993719523
Балашовский муниципальный район,2,2,1,0.157384243909106,1.0962839130394044
Балейский муниципальный район,2,2,3,0.28917356353514245,0.8937560891748018
Балтайский муниципальный район,2,2,3,0.19785492031051563,0.8664392625304728
Балтасинский муниципальный район,2,2,0,0.1956185825765296,1.1227462765159872
Балтачевский муниципальный район,1,2,1,-0.02595594673638137,1.425843872364617
Барабинский муниципальный район,3,2,3,0.020742455121220357,0.872874835461166
Барун-Хемчикский муниципальный район,0,0,0,0.254990989658713,1.9116303484005905
Барышский муниципальный район,2,2,1,0.257733185089981,0.8764795941003098
Барятинский муниципальный район,0,1,0,0.17098278187876667,1.7373633179260102
Батыревский муниципальный округ,0,1,1,-0.0768483927194476,1.278771758244514
Башмаковский муниципальный район,2,2,1,0.12984874656706788,0.8727959032647005
Баяндаевский муниципальный район,1,1,0,0.19208448687297314,1.5340859315606106
Бежаницкий муниципальный район,2,2,3,0.2749742149628541,0.7218617207642634
Безенчукский муниципальный район,2,2,3,0.34860983830959064,0.7923888418544982
Бейский муниципальный район,2,2,3,0.1716884263687694,0.9163082386901904
Бековский муниципальный район,0,2,1,-0.07638810414062308,1.5038336071792633
Белебеевский муниципальный район,3,3,3,0.013735352690514716,0.8441489333354352
Белевский муниципальный район,2,2,1,0.2988347412031489,0.7442705196243056
Белинский муниципальный район,1,1,1,0.06736179769541521,1.2848349528078706
Беловский муниципальный округ,3,0,3,0.14065731359396424,1.5360058457614645
Белогорский муниципальный округ,3,3,3,0.11898041105500501,1.6454552334240853
Белокатайский муниципальный район,2,2,1,0.41521929928203855,0.3700607584586532
Беломорский муниципальный округ,2,2,3,0.08469383710234314,1.6735631660304062
Белорецкий муниципальный район,3,2,3,0.16888507933085878,0.8542544584037257
Белохолуницкий муниципальный район,1,1,1,0.21308280614874478,0.8983778200751575
Белоярский муниципальный район,4,3,4,-0.09515746672389551,2.13247342971149
Беляевский муниципальный район,1,1,1,0.05852605556737902,1.1221867771172889
Бердюжский муниципальный район,2,2,3,0.39715778292051324,0.5705122056593924
Бессоновский муниципальный район,0,0,1,-0.12099666615910538,1.1740003222230242
Бижбулякский муниципальный район,2,2,2,0.13805202634412306,0.977958097180548
Бийский муниципальный район,3,0,3,0.06821871882223889,2.024870934737166
Бикинский муниципальный район,3,3,3,0.27465472580879235,0.7773479648161659
Билибинский муниципальный район,4,4,4,0.39036597255540445,1.7076741731513658
Бирилюсский муниципальный район,0,2,1,0.13744571558028504,1.0762613236336873
Биробиджанский муниципальный район,2,4,4,0.04972244514074484,2.1927715606671336
Бирский муниципальный район,3,3,3,0.003863684106523578,0.7176180533143628
Благоварский муниципальный район,0,2,1,0.030812229761634884,0.9470369683819144
Благовещенский муниципальный округ,3,3,3,0.3643925626508329,1.3313103570050815
Богатовский муниципальный район,2,2,1,0.4437564273247325,0.4130451341389299
Богородицкий муниципальный район,3,2,3,-0.015845701786281093,0.9623547098051479
Боградский муниципальный район,1,1,3,0.22326021604598342,0.719068449504194
Богучанский муниципальный район,3,3,3,0.1901793682977034,1.1424642594424215
Бокситогорский муниципальный район,3,3,2,0.0340175998152162,1.0690057806191362
Болотнинский муниципальный район,3,0,3,0.1789260439705327,1.2305830914670455
Болховский муниципальный район,1,1,1,0.24007203966520307,1.0336916662783484
Большеберезниковский муниципальный район,0,1,0,0.00441946709209107,1.3269952640523348
Большеболдинский муниципальный округ,2,2,0,0.3216412141923507,0.9476960525937583
Большеглушицкий муниципальный район,2,2,3,0.3831410991041333,0.5870426640622777
Большемурашкинский муниципальный округ,2,2,3,0.3487081022541793,0.5904734935816274
Большемуртинский муниципальный район,2,2,1,0.2036685024670942,0.7775497382961979
Большереченский муниципальный район,0,2,3,-0.04604041424771872,1.3418867144068751
Большесельский муниципальный район,0,2,1,0.27814408306906396,0.9436216263045477
Большеуковский муниципальный район,1,2,0,0.1227689948230936,1.1809068324324192
Большеулуйский муниципальный район,1,1,1,0.3462634520546118,1.2062546529338065
Большечерниговский муниципальный район,2,2,1,0.4365870638869685,0.6463579986629773
Бондарский муниципальный округ,0,1,1,0.13688847966601683,1.0938804663768815
Борзинский муниципальный район,3,2,3,0.13616139415620074,0.6943415670652919
Борисоглебский муниципальный район,0,2,1,0.012615016596619443,1.02480922470014
Боровичский муниципальный район,3,3,3,-0.04699886289920917,0.8658775649431262
Боровский муниципальный район,3,3,1,0.2792979388382355,0.7360910971932396
Борский муниципальный район,2,2,1,0.269966795988112,0.9957393856743391
Боханский муниципальный район,1,2,3,-0.0011315633640663855,0.8511180683656542
Братский муниципальный район,1,2,1,0.03226336466157958,1.4391102602499515
Брединский муниципальный район,2,2,1,0.14275377555665664,1.4190782991063675
Брейтовский муниципальный район,0,2,1,0.015468729449004015,0.9445105695986284
Бугульминский муниципальный район,3,3,3,0.06509187074410021,0.7219522060577725
Бугурусланский муниципальный район,2,2,1,0.2908286061077525,0.6822342131420182
Будённовский муниципальный округ,3,0,3,0.2626069518596069,1.0480161868844298
Буздякский муниципальный район,1,1,2,0.050849961274321995,0.9205422732250796
Буинский муниципальный район,2,2,1,0.34081696627645947,0.6806909729244908
Буйский муниципальный район,0,2,1,-0.03922406112868478,1.1954897419233592
Булунский муниципальный район,4,4,4,0.4076194346808376,1.8536211581070585
Бураевский муниципальный район,1,1,1,0.2350222922405615,0.6137130841075471
Бурейский муниципальный округ,1,1,3,0.16039587458423935,1.417486441037672
Бурзянский муниципальный район,0,2,1,0.11861205780857625,0.9049730410118536
Бурлинский муниципальный район,0,2,3,0.03800258623706979,0.8679803396581994
Бутурлинский муниципальный округ,2,2,2,0.2663267485884607,0.6200982927327695
Быковский муниципальный район,1,1,1,0.1897647003861251,1.1777801679016702
Быстроистокский муниципальный район,0,2,3,0.07816160557595897,0.923799524541328
Вагайский муниципальный район,1,1,2,0.24947715027796324,1.2506917996696216
Вадинский муниципальный район,0,2,0,0.15332156788219406,1.1045262297330662
Вадский муниципальный округ,1,1,1,0.12967973373223815,1.0832914338292585
Валдайский муниципальный район,2,2,3,0.1735461539264685,0.9286010437112643
Ванинский муниципальный район,3,3,3,0.16254432322625348,1.635646948379944
Варгашинский муниципальный округ,1,1,1,0.2824557809552419,1.711045154602133
Варнавинский муниципальный округ,2,2,3,0.40618436407056835,0.4987854887078476
Варненский муниципальный район,2,2,1,0.31039341079513005,0.8945923637728526
Вачский муниципальный округ,2,2,1,0.3309461712394026,0.5571746724431613
Велижский муниципальный район,2,2,3,0.1639511852287719,0.7788905273452158
Великоустюгский муниципальный округ,2,2,3,0.13176167766854552,0.8916459447569156
Вельский муниципальный район,2,2,2,0.10880368254758395,1.238916176922123
Венгеровский муниципальный район,2,2,3,0.26039023161641806,0.8332174834735477
Веневский муниципальный район,2,2,1,0.3019977868550984,0.930791368446043
Верхнебуреинский муниципальный район,3,3,4,0.11489005342734473,2.0701016172299695
Верхневилюйский муниципальный район,4,4,4,-0.16046589536674907,1.7491469499238015
Верхнекетский муниципальный район,2,2,2,0.2968483626097685,0.8010818157999323
Верхнеколымский муниципальный район,4,4,4,0.4255006794120567,1.4970507674505826
Верхнетоемский муниципальный округ,1,2,3,-0.06450348296744973,1.0028097616084821
Верхнеуральский муниципальный район,2,2,1,0.1575958779047789,1.2398726940783884
Верхнеуслонский муниципальный район,1,1,1,0.2243721973966156,1.4815669426015607
Верховажский муниципальный округ,2,2,3,0.34110348659394296,0.8138013539503385
Верховский муниципальный район,1,2,2,-0.1304089682559426,0.7681622642114797
Верхошижемский муниципальный район,1,1,1,0.2379530512466044,0.817440636924669
Верхоянский муниципальный район,4,4,4,0.4034691342703087,1.1528598220923378
Ветлужский муниципальный округ,2,2,3,0.29948384260634237,0.8457860196463133
Вешкаймский муниципальный район,2,2,3,0.232015561623438,0.8494731866017682
Викуловский муниципальный район,2,2,3,0.2517547976860825,0.737106742227743
Вилюйский муниципальный район,4,4,4,0.1411257586645335,1.8032617061756948
Виноградовский муниципальный округ,2,2,3,0.3059004598162766,0.8207904112688553
Вичугский муниципальный район,0,2,3,0.07303384791163595,1.4903721192740607
Вожегодский муниципальный округ,1,1,2,0.12210778484060825,0.9467371852434247
Вознесенский муниципальный округ,2,2,3,0.3067858404639843,1.0771390255876305
Вологодский муниципальный округ,3,3,1,-0.006720618565973301,0.927752260627031
Володарский муниципальный округ,1,1,1,0.05939892101913871,0.7114687580719591
Волосовский муниципальный район,3,3,3,0.30881349735234487,0.5118812609603449
Волховский муниципальный район,3,3,3,0.4137273795098319,0.4949227419428556
Волчихинский муниципальный район,2,2,0,0.26088684064082135,1.1288384472867485
Вольский муниципальный район,2,2,3,0.10172133024197466,1.0845320594274048
Воскресенский муниципальный округ,2,2,3,0.3828827942145644,0.43712281208054504
Воскресенский муниципальный район,1,1,1,0.16372270554710114,2.0056746989633103
Вохомский муниципальный район,2,2,3,0.23015822581754886,1.0571597402638115
Всеволожский муниципальный район,3,3,3,0.3531395872286759,1.5566460101190993
Вурнарский муниципальный округ,1,2,1,-0.04621685713347211,0.8803636692160604
Выборгский муниципальный район,3,3,3,0.3818876588679268,0.9464652776999195
Высокогорский муниципальный район,3,0,1,0.1764972204807965,1.5507645276521287
Вытегорский муниципальный район,3,2,3,0.0010989213885019757,1.0288937343664317
Вязниковский муниципальный район,2,2,3,0.18486643888146242,0.8622862637667509
Вятскополянский муниципальный район,2,1,1,0.102163881449588,1.4490999111994163
Гаврилов-Ямский муниципальный район,2,2,1,0.29784310288474897,0.6388815480775989
Гаврилово-Посадский муниципальный район,2,2,2,0.28184081207599165,0.7198592816066095
Гавриловский муниципальный округ,0,2,1,0.23262959947340492,1.0588419854151538
Гагаринский муниципальный район,3,2,3,0.1882417313013473,1.081006647186465
Гагинский муниципальный округ,2,2,3,0.3023297138862145,0.6789257422132029
Галичский муниципальный район,0,2,1,0.11261314344924192,0.8084335504780391
Гатчинский муниципальный район,3,3,3,0.3856622432720738,1.0075999191160536
Гафурийский муниципальный район,1,1,2,0.18313852806172673,0.9373904595909107
Гдовский муниципальный район,0,1,1,0.01579652862071634,1.1544729670309815
Гиагинский муниципальный район,2,2,3,0.3914466005013244,0.6113119701673968
Глазуновский муниципальный район,1,1,1,0.29502650365878424,0.7839055051526042
Глинковский муниципальный район,1,1,1,0.14532475119276694,1.0661289170930797
Горномарийский муниципальный район,0,2,0,-0.019994370404456546,0.9896468313267504
Горный муниципальный район,1,1,3,0.20255508565705735,1.557756810829109
Городецкий муниципальный округ,3,3,3,0.3334164917528374,0.7401503585823512
Городовиковский муниципальный район,0,2,1,0.13504864331585198,0.7348076687787811
Гороховецкий муниципальный район,2,2,1,0.2718659537096844,0.8989341359290826
Горьковский муниципальный район,0,2,1,0.1839574161931513,0.5640380548950118
Грачёвский муниципальный округ,2,2,1,0.21548210970982012,1.065916082579916
Грязинский муниципальный район,2,2,1,0.2190403160412692,0.7932151916686033
Грязовецкий муниципальный округ,1,1,1,0.09120372748992002,0.8194028192821499
Гурьевский муниципальный округ,3,2,3,0.11270256444826716,1.1756485059642134
Гусь-Хрустальный муниципальный район,2,2,3,0.2647405172617305,0.7041941983138106
Давлекановский муниципальный район,2,2,1,0.33622211104614597,0.5281286178679697
Далматовский муниципальный округ,2,2,3,0.16283742742764606,1.0082533899370039
Дальнеконстантиновский муниципальный округ,2,2,1,0.27820466784751274,0.938414831770136
Дальнереченский муниципальный район,0,0,0,0.1325252787796643,2.1141661754103263
Данковский муниципальный район,2,2,1,0.31777569136792033,0.8309296407399979
Даровской муниципальный район,0,2,0,-0.02598000952562734,1.1975913981984887
Дедовичский муниципальный район,1,2,1,-0.11401443321358591,0.9153285558506754
Демидовский муниципальный район,2,2,1,0.22575117457513025,0.7671096654356333
Дергачевский муниципальный район,2,2,1,0.2193419028290948,0.8692614308968329
Дзун-Хемчикский муниципальный район,4,4,4,-0.03389712454033232,2.281104988539063
Дивеевский муниципальный округ,2,2,0,0.24746562013832743,1.014124095913024
Дигорский муниципальный район,0,0,0,0.1613332274326083,2.2272862669436195
Дновский муниципальный район,2,2,1,0.2707806322019241,1.0029219107601808
Добринский муниципальный район,2,2,1,0.38055432822129004,0.7684469350012826
Добровский муниципальный район,1,2,1,-0.09846947240875259,0.8445717123776365
Доволенский муниципальный район,2,2,3,0.2689877227793942,0.9594483709973742
Долгоруковский муниципальный район,2,2,1,0.20885414273683556,0.9567385988185664
Должанский муниципальный район,1,1,1,0.05916734608997434,0.6214260645269364
Домбаровский муниципальный район,1,1,1,0.06402182882967133,2.1248175655977217
Дорогобужский муниципальный район,3,2,1,0.018273823949304754,1.1164602978778977
Дрожжановский муниципальный район,0,1,1,0.0393715433293403,1.3968493357611773
Дуванский муниципальный район,2,2,3,0.35370080859171715,0.6722024513056166
Дульдургинский муниципальный район,1,2,0,-0.09372291479995437,1.24866572334411
Думиничский муниципальный район,1,2,1,-0.003482206022672447,0.6416226950459328
Духовницкий муниципальный район,1,2,3,-0.09966944627101923,0.8457420545363007
Духовщинский муниципальный район,0,2,1,-0.05234750627920993,1.1443291793397374
Дюртюлинский муниципальный район,0,2,3,-0.09083466562745916,1.0680770076376311
Егорьевский муниципальный район,0,2,3,0.15988776883295822,0.9588796330626888
Екатериновский муниципальный район,1,2,1,-0.07651534805415529,1.0656635333551954
Елабужский муниципальный район,3,3,3,0.3515882666181427,1.0010891747393098
Еланский муниципальный район,2,2,1,0.4536529887780795,0.6164965937143776
Елизовский муниципальный район,3,3,3,0.24491434983290328,1.983166466413779
Елховский муниципальный район,1,1,1,0.2281267373084071,0.843360692340797
Ельниковский муниципальный район,0,2,1,0.01866441367525618,0.7348359091190481
Ельнинский муниципальный район,2,2,2,0.2980497295892119,0.8391624699069896
Ельцовский муниципальный район,0,2,0,0.1632582817555745,1.6593704119781578
Еманжелинский муниципальный район,2,2,3,0.3108900409129435,0.7349700422473092
Емельяновский муниципальный район,3,3,3,0.35933464112457913,0.9624762194293528
Енисейский муниципальный район,1,1,3,-0.01544549541466793,1.2531104929740318
Енотаевский муниципальный район,2,2,2,0.18579071638792377,0.7138565746914236
Ермаковский муниципальный район,2,2,3,0.23405795160420056,0.7072437577954918
Ермекеевский муниципальный район,0,2,0,0.15591569126815802,1.105150524758302
Ермишинский муниципальный район,0,2,3,-0.02834784758361676,0.6751702105917452
Ершичский муниципальный район,0,2,1,0.15613607499742418,0.8676055039228805
Ершовский муниципальный район,2,2,1,0.3168967305098281,0.8776949895143742
Еткульский муниципальный район,2,2,2,0.29934297546094035,0.8726786864204972
Жердевский муниципальный округ,2,2,2,0.41867072007535383,0.7491014082640528
Жигаловский муниципальный район,3,3,3,0.3094068566664497,1.0258358570655073
Жиздринский муниципальный район,2,2,3,0.13765451665882006,1.1059682305318725
Жирновский муниципальный район,2,2,3,0.22700575754178917,0.8926510385235843
Жуковский муниципальный район,2,2,1,0.1293273038290998,1.1231265716575758
Забайкальский муниципальный район,3,2,2,-0.004737943721678411,1.280854688854413
Завитинский муниципальный округ,2,2,3,0.23867082703622378,0.7830253303968555
Заволжский муниципальный район,2,2,3,0.16972465809604723,1.192375738866487
Завьяловский муниципальный район,2,2,0,0.29384827176212625,0.9579730347263357
Задонский муниципальный район,2,2,1,0.40472983956720987,0.6207536387382951
Заинский муниципальный район,3,2,1,-0.04666115812866718,1.1049787692616126
Заларинский муниципальный район,2,2,3,0.32264744435055825,0.7817177811000504
Залегощенский муниципальный район,1,1,1,0.21300603913103497,0.5087193966197087
Залесовский муниципальный округ,1,1,1,0.2574818715155862,1.9510618597315215
Заокский муниципальный район,3,3,4,0.3350902326806189,0.7243424095074581
Захаровский муниципальный район,0,2,1,0.138456341906139,1.1018849899625218
Звениговский муниципальный район,2,2,1,0.34933480556569807,0.6472591465348528
Звериноголовский муниципальный округ,1,1,1,0.26170640864668715,1.494281853220774
Здвинский муниципальный район,1,1,1,0.08967173580769057,0.8981749197394661
Зеленодольский муниципальный район,3,3,3,0.37782469249210965,0.5018162695625703
Зеленчукский муниципальный район,2,2,2,0.4025291884303225,0.6666935777212556
Земетчинский муниципальный район,2,2,1,0.21232994017367854,1.2317340310159037
Зианчуринский муниципальный район,2,2,3,0.12512776419793173,0.9499039652335824
Зилаирский муниципальный район,2,2,3,0.24220343910197423,1.2547682943131364
Зиминский муниципальный район,0,2,3,0.032377328978779846,1.1642351639074326
Змеиногорский муниципальный район,2,2,2,0.43883704943182883,0.5952430672170935
Знаменский муниципальный округ,0,1,1,-0.07141860928628628,1.351624076402617
Зональный муниципальный район,0,0,0,0.24511345059288422,2.2866888535689918
Зубово-Полянский муниципальный район,2,2,1,0.321434953499046,0.7682089902928299
Зуевский муниципальный район,1,1,1,0.05453719363747238,0.8286903448078331
Зырянский муниципальный район,2,2,2,0.21688624991864858,0.6783235496357233
Ибресинский муниципальный округ,1,1,1,0.3219912477045871,1.4078402918424127
Ивановский муниципальный округ,3,3,3,0.029543766952231203,1.675584817331696
Ивановский муниципальный район,3,3,3,0.2529344599571693,1.649131378745302
Ивантеевский муниципальный район,2,2,2,0.4154857178366268,0.4059966522008913
Иглинский муниципальный район,3,2,3,0.06671090939359466,0.8607172380335049
Идринский муниципальный район,2,2,3,0.39211167162158356,0.6000426562187606
Ижморский муниципальный округ,2,2,3,0.20075831398639024,1.1052187762694576
Измалковский муниципальный район,1,1,2,0.04954964967636965,0.7698428190069729
Износковский муниципальный район,0,2,1,0.19255597685362139,1.2701434477667624
Икрянинский муниципальный район,0,2,3,0.004920992160294867,0.7199039716282589
Иланский муниципальный район,2,2,3,0.30262076980439434,0.8048880198999786
Илекский муниципальный район,1,1,1,0.14738004771998825,0.6223960201031503
Илишевский муниципальный район,2,2,1,0.2564780777997522,0.9322944545251871
Иловлинский муниципальный район,2,2,1,0.24838786241254313,0.6769073462445121
Ильинский муниципальный район,0,2,0,0.21555691663393076,0.9777768985519153
Инжавинский муниципальный округ,2,2,1,0.41252446144626415,0.657388657859246
Инзенский муниципальный район,2,2,3,0.31962178272203967,0.8102996398771407
Инсарский муниципальный район,2,2,3,0.26378996356416895,0.9895424831317329
Ирафский муниципальный район,0,0,0,0.24725611221696664,1.9198124491605664
Ирбейский муниципальный район,2,2,2,0.26159119346518545,1.0136863336147728
Иркутский муниципальный район,3,3,3,0.3753052229522576,1.1850756420721877
Исаклинский муниципальный район,1,2,3,0.06262934444598309,0.7711549514657835
Исетский муниципальный район,1,1,3,0.17193214971192794,1.0572366605422907
Исилькульский муниципальный район,2,2,2,0.3732382154950498,0.6235261106909525
Искитимский муниципальный район,2,2,3,0.19198568448097544,0.9442423605602989
Иссинский муниципальный район,0,2,0,0.033218737517532744,0.9786113814084194
Ичалковский муниципальный район,0,2,1,0.013517386093533099,1.0346730537734665
Ишимбайский муниципальный район,3,3,3,0.18953370253263174,0.6741623389269593
Ишимский муниципальный район,3,2,3,0.008698036422033706,1.0766807907501794
Каа-Хемский муниципальный район,0,0,0,0.11800339011036845,1.4638183801813238
Кавалеровский муниципальный округ,2,2,2,0.21560126878417554,1.1605565953746604
Кадомский муниципальный район,0,2,3,0.14762759768189435,0.7532445725269642
Кадошкинский муниципальный район,0,2,1,0.17903936475547863,0.3109218708613489
Кадуйский муниципальный округ,1,1,1,0.11608426125862947,0.977399182763752
Кадыйский муниципальный район,0,2,3,-0.05171656178358818,1.3400856963972723
Казанский муниципальный район,2,2,2,0.19644302302378458,0.922777976551966
Казачинский муниципальный район,2,2,3,0.22785775389592072,0.8402468065545959
Казачинско-Ленский муниципальный район,3,3,3,0.37924863151994226,0.7342663345592526
Кайбицкий муниципальный район,1,1,1,0.13882366477400918,1.474141919610268
Каларский муниципальный округ,3,3,3,0.30342968592928204,1.0970705835511394
Калачевский муниципальный район,2,2,1,0.21961580569388775,1.1932868479562142
Калачинский муниципальный район,2,2,1,0.31659897416799404,0.5880304223325461
Калевальский муниципальный район,3,3,3,0.21369008392538555,1.210352184148291
Калманский муниципальный район,0,1,1,-0.01978687053207037,1.051203690594945
Калтасинский муниципальный район,1,1,1,0.1926256532750508,1.0923091604838193
Камешкирский муниципальный район,1,1,1,0.28253593680000677,0.8372120936805932
Камешковский муниципальный район,2,2,1,0.3275694594360352,0.787723904798689
Камско-Устьинский муниципальный район,2,2,0,0.1296601349814747,1.3279856208699032
Камызякский муниципальный район,0,2,1,-0.061004520717271214,1.101835604228437
Камышлинский муниципальный район,0,2,1,0.1051743926647415,0.6847122639359067
Камышловский муниципальный район,3,3,3,0.1866359683861223,0.9511815109369882
Кандалакшский муниципальный район,3,3,4,0.30505549847382885,1.3756457653081477
Карагинский муниципальный район,4,4,4,0.4207856318601723,1.6952386283496321
Караидельский муниципальный район,1,1,3,0.2141476769621504,0.6434447261937575
Карасукский муниципальный район,2,2,3,0.32830108815074055,0.6260973991924388
Каратузский муниципальный район,3,2,3,-0.0859144646364872,0.9929771167629692
Каргапольский муниципальный округ,2,2,2,0.15470728943692838,0.9029080601284164
Каргасокский муниципальный район,2,2,3,0.23845922144673662,0.8188852162443958
Каргатский муниципальный район,2,2,3,0.3287493223026707,0.5689879295918262
Кардымовский муниципальный район,0,1,1,0.015985067829090142,1.00515149805879
Кармаскалинский муниципальный район,2,2,1,0.3298346975754088,0.7443573748710913
Карсунский муниципальный район,2,2,1,0.23458356028732483,1.0746808168195334
Карталинский муниципальный район,2,2,3,0.4502573244262786,0.6290662700774649
Карымский муниципальный район,2,2,3,0.2271868521573178,0.987363043472441
Касимовский муниципальный район,1,2,1,0.08634371150940341,0.4989144985553818
Каслинский муниципальный район,2,2,1,0.42460005405466206,0.51875698695891
Катав-Ивановский муниципальный район,2,2,3,0.36934276481963646,0.6763328355423316
Катайский муниципальный округ,2,2,3,0.28964069960760436,0.6321007200810053
Катангский муниципальный район,4,4,4,0.34530867778860413,1.1271675146555176
Качугский муниципальный район,2,2,3,0.2329507006997566,0.8486916497178845
Кваркенский муниципальный район,0,2,1,0.03427669435858623,0.635017609448132
Кежемский муниципальный район,3,3,3,0.22240775817912867,1.2833170573878756
Кемеровский муниципальный округ,3,3,3,0.3788538048816456,1.1254964440607653
Кемский муниципальный район,1,1,3,0.14175847677007436,1.6737501492710454
Кетовский муниципальный округ,0,0,1,0.057338639731246845,1.315184849756382
Кигинский муниципальный район,2,2,2,0.19982072263750003,0.7489017337943015
Кизильский муниципальный район,1,1,1,0.16955255902617666,0.8344683455435646
Киквидзенский муниципальный район,2,2,3,0.4452415919188151,0.46863884009862755
Килемарский муниципальный район,0,2,1,-0.06286620112123537,0.8693465235140004
Кильмезский муниципальный район,1,2,3,0.012442305615515804,1.2596801591420075
Кимовский муниципальный район,2,2,1,0.3120790237580047,0.8368348720126669
Кингисеппский муниципальный район,3,3,3,0.3768156160506474,1.1447824682400927
Кинель-Черкасский муниципальный район,1,1,1,0.09405852333257904,0.9048014270707676
Кинельский муниципальный район,0,2,1,-0.1314204938390551,0.8925497616322812
Кинешемский муниципальный район,2,2,3,0.37456128327254473,0.6892430729444916
Киреевский муниципальный район,2,2,2,0.35226717669432905,0.7519537957649947
Киренский муниципальный район,3,3,3,0.35713087305521163,1.0550518729334828
Киржачский муниципальный район,3,3,3,0.3812468044413763,0.5498771250601611
Киришский муниципальный район,3,3,3,0.27379129735655955,0.9327383729400246
Кирово-Чепецкий муниципальный район,2,2,1,0.2052338273407557,1.0000436354163587
Кичменгско-Городецкий муниципальный округ,2,2,3,0.36583495402780164,0.5890712688212953
Клепиковский муниципальный район,2,2,1,0.28659541993144083,0.6513758987519135
Клетский муниципальный район,2,2,0,0.2906559353961925,0.9278703047122258
Ключевский муниципальный район,2,2,3,0.35698563322753296,0.7255057905953801
Клявлинский муниципальный район,2,2,1,0.21237953493498457,1.0761321700458328
Княгининский муниципальный округ,2,2,3,0.14997866131103427,0.8714679357256666
Кобяйский муниципальный район,4,4,4,0.2530132139304471,1.868636568193781
Ковдорский муниципальный округ,3,3,3,0.2508045786615915,1.9312924679603767
Ковернинский муниципальный округ,0,2,3,-0.046890842706883866,0.983613339434229
Ковылкинский муниципальный район,2,2,2,0.4411591791528857,0.7458643659749131
Кожевниковский муниципальный район,2,2,2,0.3036149481899267,0.6277291257054969
Козельский муниципальный район,2,2,1,0.25688755205933855,1.0993830241002527
Козловский муниципальный округ,1,1,1,0.07971044756243444,0.871968470928589
Козульский муниципальный район,2,2,3,0.29809242265348057,0.6931269584992599
Кологривский муниципальный округ,2,2,3,0.11260304308596909,1.5200304247020455
Колосовский муниципальный район,2,2,0,0.19971740459571158,0.9330035763576615
Колпашевский муниципальный район,2,2,2,0.1813633672522389,1.0454046672783452
Колпнянский муниципальный район,0,2,0,0.12385886368999614,1.1920294312322515
Колыванский муниципальный район,2,2,1,0.1887784969169603,1.1127362466316215
Колышлейский муниципальный район,2,2,1,0.2803840432280578,0.6761047119491093
Кольский муниципальный район,1,1,4,0.08241560814858398,2.1653766025580485
Кольчугинский муниципальный район,3,3,3,0.32811492169146067,0.6956896105841801
Комсомольский муниципальный округ,1,1,2,-0.01548109127178037,1.2735751937643849
Кондинский муниципальный район,2,2,3,0.0604066685332491,1.6771936051174607
Кондопожский муниципальный район,1,1,4,-0.008206534251486057,1.5956111594242395
Коношский муниципальный район,2,2,3,0.13790080300804128,1.2865388040455854
Кораблинский муниципальный район,0,2,1,-0.11534771506119956,0.8431376358114961
Коркинский муниципальный округ,3,0,1,0.1621314505797585,1.4690986451025951
Кормиловский муниципальный район,1,2,1,0.0043190285908619955,0.714878539802587
Косихинский муниципальный район,0,2,3,-0.09114136019604967,1.0190089155117863
Костромской муниципальный район,3,3,3,0.29405040101201246,0.9580344408837872
Котельниковский муниципальный район,2,2,1,0.4037625027992783,0.5807163863023433
Котельничский муниципальный район,1,1,2,0.3329436762105752,0.9819684642113676
Котласский муниципальный округ,1,1,1,0.3036670112118179,1.496425965965039
Котовский муниципальный район,1,1,1,0.011549161186309623,0.9395060709484625
Коченевский муниципальный район,2,2,2,0.3779563438038307,0.5477109690495088
Кочковский муниципальный район,1,1,0,0.0757019261497515,1.1803069566205873
Кочубеевский муниципальный округ,3,0,1,-0.04299332481763541,1.4541158265217602
Кош-Агачский муниципальный район,3,2,4,0.07266256498940851,2.027804659129274
Кошехабльский муниципальный район,0,0,3,0.12318485797955518,1.287191520696676
Кошкинский муниципальный район,1,1,1,0.014367807714467702,0.9612655616443369
Крапивинский муниципальный округ,0,2,3,-0.06418187388858922,1.2514905942812038
Красноармейский муниципальный округ,2,2,2,0.3855370669204122,0.6815323294260454
Краснобаковский муниципальный округ,2,2,2,0.4239476330179226,0.5158064015483627
Красноборский муниципальный округ,1,1,3,0.22345795311505534,0.7377332722304858
Красногвардейский муниципальный округ,2,2,1,0.27033848639763036,1.038943230145333
Краснозерский муниципальный район,2,2,3,0.44117198831475435,0.662046249768985
Краснозоренский муниципальный район,0,2,0,0.15416343992130674,0.6143467776183861
Краснокамский муниципальный район,0,2,1,0.16295184084998318,0.983306683063411
Краснокутский муниципальный район,0,2,1,-0.06751365342185651,1.0142875833072391
Краснооктябрьский муниципальный округ,0,2,1,0.18995872867606314,0.8385696604018446
Краснопартизанский муниципальный район,2,1,1,0.1413857992960966,1.1420329266962057
Красносельский муниципальный район,2,2,1,0.24962026659216638,0.9689743917454638
Краснослободский муниципальный район,0,2,1,-0.0292758830971742,0.8025558105422342
Краснотуранский муниципальный район,2,2,3,0.3997124544052317,0.5757778326030877
Красночетайский муниципальный округ,0,1,1,-0.010890749583028454,1.2997667562357649
Красночикойский муниципальный район,2,2,3,0.24232433875234652,1.3564650485161995
Кривошеинский муниципальный район,1,2,3,-0.09826783362366717,0.6746109584266576
Кромской муниципальный район,1,1,1,0.15910834550547107,2.316277420223687
Крутинский муниципальный район,1,1,1,0.21980232936237096,0.5181495437498235
Крутихинский муниципальный район,1,2,3,0.09632116180633593,0.9929035011920966
Кстовский муниципальный округ,3,3,3,0.41945243777392216,0.6834139210343122
Кугарчинский муниципальный район,2,2,3,0.1661077937832382,1.0069240299867899
Куженерский муниципальный район,1,1,1,0.0855189624557084,1.12495497427159
Кузоватовский муниципальный район,2,2,3,0.33428974913302,0.8030011326875268
Куйтунский муниципальный район,2,2,3,0.10786475535329926,1.1525116901624348
Кукморский муниципальный район,1,1,1,0.036991521981557474,1.1874020916611925
Кулундинский муниципальный район,2,2,3,0.366069328589125,0.6319402490398325
Куменский муниципальный район,1,1,1,0.24335079238668703,1.3960108655378023
Кумылженский муниципальный район,2,2,2,0.35820794274911333,0.656727690662259
Кунашакский муниципальный район,2,2,1,0.25215014369344757,0.7374885699514646
Купинский муниципальный район,2,2,3,0.24961973585418357,1.0151590330860183
Курагинский муниципальный район,2,2,3,0.18833566679411332,0.9023808655407666
Куркинский муниципальный район,2,2,1,0.18185789703012234,0.9037243782146214
Курманаевский муниципальный район,0,1,1,0.052131927856281936,1.0549087542576432
Курский муниципальный округ,2,2,1,0.21204965952378318,0.9728021356590172
Куртамышский муниципальный округ,2,2,3,0.24477681323114026,0.8545303181597
Курьинский муниципальный район,2,2,3,0.18422639500846852,1.1905450990680577
Кусинский муниципальный район,2,2,1,0.39179348609418013,0.6735276518180321
Кушнаренковский муниципальный район,1,1,2,0.2950970585770323,1.0557095973839332
Кызылский муниципальный район,3,0,3,0.19798448546828507,1.831069996850301
Кыринский муниципальный район,4,4,4,0.055411873363401316,1.756543913026504
Кытмановский муниципальный район,1,1,3,0.2549258141320772,1.2306564128487956
Кыштовский муниципальный район,2,2,3,0.2478881227143524,0.9301496116287716
Лаганский муниципальный район,0,2,1,-0.007733918837178475,0.7940347755803846
Лазовский муниципальный округ,3,2,4,-0.06939146674908024,1.1721438012468388
Лаишевский муниципальный район,3,3,3,0.245914610691224,1.6644747730579703
Лахденпохский муниципальный район,3,3,3,0.192025044741939,0.8768712751979283
Лебедянский муниципальный район,2,2,1,0.3040709968679488,0.8446233198097967
Лебяжьевский муниципальный округ,1,1,1,0.05045957445933662,0.8177641146167569
Лев-Толстовский муниципальный район,2,2,1,0.16958968006115333,0.9032191955137807
Левокумский муниципальный округ,2,2,2,0.1839709544521497,0.9446373355520677
Лежневский муниципальный район,1,1,1,0.27748097078102396,0.6469802492899023
Лениногорский муниципальный район,3,3,1,0.163184140960028,0.7154123586614577
Лиманский муниципальный район,2,2,3,0.33627321396122656,0.7429283604529926
Ловозерский муниципальный район,3,3,4,0.1277412950596399,2.040952703258605
Лодейнопольский муниципальный район,3,3,2,0.2741056285169958,1.2386582188817392
Локтевский муниципальный район,2,2,3,0.2073277002195353,0.9429818128719729
Ломоносовский муниципальный район,3,3,3,0.397632800046649,1.2347100816434466
Лопатинский муниципальный район,0,1,0,0.07663353027395055,1.7086143167308596
Лоухский муниципальный район,3,3,3,0.140993486102243,1.2881797019011545
Лужский муниципальный район,3,3,3,0.4220533061547186,0.7657087969200698
Лукояновский муниципальный округ,2,2,3,0.4160316688089858,0.415925140749575
Лунинский муниципальный район,0,1,1,0.1703458872558155,0.9356578636342281
Лухский муниципальный район,0,1,0,0.14523870423950422,1.5041052076915065
Лысковский муниципальный округ,3,2,3,-0.07814916486330799,0.8080544153143886
Лысогорский муниципальный район,0,1,1,0.16970083810287406,0.9120250336671251
Любимский муниципальный район,2,2,1,0.4104756744449098,0.5423198218804879
Любинский муниципальный район,2,2,1,0.2015705509052877,0.7861197100517452
Любытинский муниципальный район,2,2,3,0.3525336818892976,0.6048421281137257
Людиновский муниципальный район,3,2,1,-0.07868594631404766,0.9481436569323568
Лямбирский муниципальный район,3,0,1,0.1398593544411358,1.5786045508585522
Магдагачинский муниципальный район,2,2,2,0.2112280274232612,1.2723620482808682
Мазановский муниципальный район,3,2,2,-0.10900515562860007,0.8270694439075347
Майкопский муниципальный район,3,0,3,0.16168538715660036,1.1562726436217239
Майминский муниципальный район,3,3,3,0.35845006423580683,1.0592079326064103
Майнский муниципальный район,1,2,2,0.007553796193486199,0.9592510693725389
Майский муниципальный район,0,2,1,-0.09552186130833622,0.9626794031104701
Макарьевский муниципальный район,2,2,3,0.1912566283193829,1.0969935056359121
Малмыжский муниципальный район,2,2,2,0.12941048705487201,0.9923713867374722
Малоархангельский муниципальный район,1,2,2,-0.01368994735974213,0.6277897504053749
Маловишерский муниципальный район,3,2,3,-0.10308208005371591,0.9603787839386722
Малодербетовский муниципальный район,0,1,0,0.06238551697268826,1.2038685425293445
Малокарачаевский муниципальный район,0,2,0,0.20487080843027083,1.4921608330922442
Малосердобинский муниципальный район,0,2,0,0.09912249263715212,0.6341743872925721
Малоярославецкий муниципальный район,3,3,1,0.2113710566092115,0.9639454782455122
Мамадышский муниципальный район,2,2,0,0.13509396881815272,1.1942834892319274
Мамонтовский муниципальный район,2,2,3,0.21278626836901862,1.025161981951218
Манский муниципальный район,0,2,1,-0.07322253301632127,1.245441674299667
Мантуровский муниципальный округ,2,2,3,0.4318113830664197,0.3842367685810125
Мари-Турекский муниципальный район,2,2,3,0.297066720406673,1.1401222508457511
Мариинский муниципальный округ,3,2,3,0.028077057971251377,0.8492120050104656
Мариинско-Посадский муниципальный округ,1,1,1,0.27835223874055054,1.2531215872355526
Марксовский муниципальный район,2,2,1,0.3193864454706473,0.9700256024545415
Марьяновский муниципальный район,1,2,1,0.030657344355921323,0.6110939228565574
Маслянинский муниципальный район,2,2,3,0.3794277042823536,0.667880111088128
Матвеевский муниципальный район,1,1,2,0.004354251131156876,0.8054563143294541
Мегино-Кангаласский муниципальный район,4,4,4,0.09056361188012924,1.5662248026088277
Медведевский муниципальный район,3,3,3,0.32556053650392464,0.8878153635200943
Медвежьегорский муниципальный район,2,2,3,0.18279667194930543,1.282418198001599
Медынский муниципальный район,2,2,1,0.1869685202899942,0.9405394671642526
Междуреченский муниципальный округ,1,1,1,0.20613340057864618,1.712925178497568
Межевской муниципальный округ,0,2,0,-0.04472640413272401,1.3642163158475953
Мезенский муниципальный округ,1,1,4,0.10613614858596539,1.5682161151006913
Меленковский муниципальный район,2,2,1,0.38390815692974417,0.5352350936293482
Мелеузовский муниципальный район,3,3,3,0.20023230023402094,0.46684621009912325
Менделеевский муниципальный район,1,1,1,0.022608106478050966,1.4917173414771807
Мензелинский муниципальный район,1,2,1,0.07139510932425218,0.6209381048283675
Мечетлинский муниципальный район,2,2,3,0.41676232645754635,0.5375716570098314
Мещовский муниципальный район,1,1,1,0.29335955620005216,0.9717060815919931
Милославский муниципальный район,1,2,1,0.06618206198704873,0.5344360050293842
Мирнинский муниципальный район,3,3,4,0.17063370032523206,1.9710717816418322
Мишкинский муниципальный округ,2,2,2,0.313436978562463,0.7424487197019803
Миякинский муниципальный район,2,2,0,0.10904905791720974,1.455490679863465
Могойтуйский муниципальный район,2,2,3,0.14022933576722504,1.4295399544260194
Моздокский муниципальный район,3,0,3,0.05876905021720689,1.442999757805461
Мокроусовский муниципальный округ,0,1,1,-0.11255627412530954,0.9928185672001039
Мокшанский муниципальный район,1,2,1,-0.10094249713258327,0.8567029869234508
Молчановский муниципальный район,0,2,3,0.03287626131449765,1.034564351532726
Монастырщинский муниципальный район,1,1,1,0.07578269892770857,0.8014360095570813
Моргаушский муниципальный округ,0,1,1,0.0962827854919976,1.0620521309888453
Мордовский муниципальный округ,1,1,1,0.1272540822888682,1.03571361155913
Моркинский муниципальный район,1,1,1,0.0683759906431096,1.0355403666492302
Мосальский муниципальный район,1,2,1,-0.10955905809152233,0.7430007163851036
Москаленский муниципальный район,2,2,3,0.3588463710893548,0.5786600616831025
Мотыгинский муниципальный район,3,3,4,0.272810394860177,1.5838550641956588
Мошковский муниципальный район,2,2,3,0.362610300125088,0.6349608635844044
Муезерский муниципальный район,3,3,2,0.10953901643091617,1.2251023315165042
Муромцевский муниципальный район,2,2,3,0.1629937303835148,0.8320205482052747
Муслюмовский муниципальный район,1,1,0,0.14858241566357774,1.155196671100034
Мучкапский муниципальный округ,0,2,1,-0.041072636630066085,0.8790390022515324
Мышкинский муниципальный район,2,2,1,0.187568452397857,0.9612805717523545
Нагайбакский муниципальный район,0,2,0,0.18011897550569544,1.2241806847492456
Нагорский муниципальный район,2,2,3,0.09267970943754925,1.3705319519017598
Надеждинский муниципальный район,3,0,3,0.3355810692043028,1.0423100485760872
Называевский муниципальный район,2,2,3,0.13000323248442613,0.8937007949655653
Намский муниципальный район,4,4,4,0.26768794465492596,1.8648319965535456
Нанайский муниципальный район,1,2,3,0.07878988937237151,1.0592769777761197
Наримановский муниципальный район,3,0,3,0.271301121109529,1.2779685013256779
Наровчатский муниципальный район,0,2,1,0.12104389148631159,0.6773507281706691
Неверкинский муниципальный район,0,1,1,0.07799704068020934,1.6294165354761094
Нейский муниципальный округ,2,2,2,0.4336808470524588,0.552516207682253
Некоузский муниципальный район,1,2,1,-0.0013871473606397663,0.6906482237891721
Некрасовский муниципальный район,1,2,1,0.02637441387135582,0.8596720889675462
Немецкий национальный муниципальный район,2,2,3,0.21614649738321912,0.9205052819207794
Нерчинский муниципальный район,3,2,3,-0.06750563031226452,1.0911132926464004
Нерюнгринский муниципальный район,3,3,3,0.29956200684495804,1.7295498550656334
Нефтегорский муниципальный район,3,2,3,0.002134227879734461,0.8244676089310372
Нефтеюганский муниципальный район,3,3,3,0.28822549503788303,1.0689125124188235
Нехаевский муниципальный район,0,2,1,-0.14376277328317286,0.7179972518972276
Нижневартовский муниципальный район,2,1,3,0.11497528921746372,1.734468375331679
Нижнеилимский муниципальный район,3,3,3,0.033261480593688636,1.4818202295241145
Нижнеингашский муниципальный район,2,2,3,0.335401793042998,0.6091157408238727
Нижнекамский муниципальный район,3,3,3,0.24340966755686244,0.5069625544496367
Нижнеколымский муниципальный район,4,4,4,0.3924140467566258,1.5857093635999562
Нижнеломовский муниципальный район,2,2,1,0.21096533596667225,0.8386705484956892
Нижнеомский муниципальный район,1,1,1,0.23807188268106125,0.56811842527156
Нижнесергинский муниципальный район,2,2,1,0.3823796355530966,0.7638616388900485
Нижнетавдинский муниципальный район,1,2,1,0.15758186946751565,0.6633276150756466
Нижнеудинский муниципальный район,2,2,3,0.18890187039336323,0.8418993047805884
Никифоровский муниципальный округ,1,1,1,0.05124418192488186,0.703238606822788
Новгородский муниципальный район,3,3,3,0.43309323378836384,0.667746419926463
Новичихинский муниципальный район,0,2,0,-0.029364114993165272,1.454857659003026
Новоаннинский муниципальный район,2,2,3,0.4793175794169215,0.3640124537110429
Новобурасский муниципальный район,1,1,1,0.029521475405697818,1.1501214353740288
Нововаршавский муниципальный район,0,2,1,0.23048307671955595,1.007195763946125
Новодеревеньковский муниципальный район,1,1,1,0.22341411322320906,0.9323943253576545
Новодугинский муниципальный район,2,2,2,0.35307862709141,0.5769283347736962
Новониколаевский муниципальный район,2,2,1,0.3244016978142206,0.8277679546185706
Новоорский муниципальный район,0,2,0,-0.05705126745183247,0.8248951401128295
Новоселицкий муниципальный округ,0,1,1,-0.022343506072041906,1.4295339234418445
Новоселовский муниципальный район,2,2,3,0.1716863511874685,0.9209887331488182
Новосергиевский муниципальный район,2,2,1,0.2331468184452862,0.8377685813907562
Новосибирский муниципальный район,3,3,3,0.25256989741440605,2.000629005294745
Новосильский муниципальный район,0,2,0,-0.10230654491489205,0.8480858507824064
Новосокольнический муниципальный район,0,2,1,0.00884785661939818,1.2730352507467269
Новоспасский муниципальный район,2,2,3,0.3413751528367335,0.6320250303599689
Новоторъяльский муниципальный район,0,2,1,0.08192474842829367,1.1593248093847466
Новоузенский муниципальный район,2,2,2,0.35519725693847476,0.6763514997090107
Новошешминский муниципальный район,0,2,1,-0.04534494103724616,1.0236586826606466
Нолинский муниципальный район,2,2,1,0.17262522593691643,0.9958063942575511
Нукутский муниципальный район,1,2,3,-0.003468315261558171,1.0524225793533837
Нуримановский муниципальный район,1,2,2,-0.04669918483436494,0.7193312897193949
Нурлатский муниципальный район,2,2,1,0.3363402194905515,0.9097576151675076
Нюксенский муниципальный округ,1,1,3,0.18428711201213868,0.9144358530312203
Нюрбинский муниципальный район,4,4,4,0.04045482632534001,1.0986957950413156
Нязепетровский муниципальный район,2,2,2,0.4546845803063637,0.5012328407003858
Няндомский муниципальный округ,2,2,2,0.22518145189302835,1.276982756773257
Облученский муниципальный район,3,3,3,0.3269738246264051,0.8342230086735576
Одесский муниципальный район,1,1,0,0.3058518342325707,1.1354548077148088
Одоевский муниципальный район,3,2,1,-0.059120125422125615,0.9329762118538888
Озинский муниципальный район,1,2,1,-0.10887182232646758,0.9140160465487196
Оймяконский муниципальный район,4,4,4,0.2991794735393217,1.5457536470934081
Оконешниковский муниципальный район,1,1,0,0.19327787661751147,1.8466840516333298
Октябрьский муниципальный округ,1,1,1,0.23158769413909322,1.4924213732424236
Окуловский муниципальный район,2,2,2,0.3647217205718414,0.7994662638848131
Олекминский муниципальный район,4,4,4,0.19734341691881982,0.9314449852322124
Оловяннинский муниципальный район,2,2,3,0.2653214269914713,0.8880999426735292
Олонецкий муниципальный район,2,2,3,0.26357366435901697,1.0164520381479338
Ольгинский муниципальный округ,3,3,3,0.09976388422502859,0.8508758692767115
Ольховский муниципальный район,2,2,1,0.1634310541149159,0.8110287153887744
Ольхонский муниципальный район,1,1,4,0.11529692447229929,1.8600744900112718
Олюторский муниципальный район,4,4,4,0.36415416636436876,1.6531911076987635
Омский муниципальный район,0,2,3,0.0729988829207822,1.316704759359633
Омутинский муниципальный район,2,2,3,0.20912753508138907,0.869895744198068
Омутнинский муниципальный район,1,2,3,-0.04238395626481046,0.9313404080940105
Онгудайский муниципальный район,4,4,4,-0.03569478870682479,2.0517621257255794
Онежский муниципальный район,2,2,3,0.26546044190900997,1.1692349784485632
Орджоникидзевский муниципальный район,2,2,2,0.26153337137006316,0.7402953801386165
Ордынский муниципальный район,2,2,0,0.29784767469608864,0.8935427580906579
Оричевский муниципальный район,1,1,1,0.23574461989354395,0.7181454796228621
Оршанский муниципальный район,1,1,1,0.05784704513349389,1.7592168886805724
Осинский муниципальный район,1,2,0,0.025828956765644027,0.9766756560877567
Островский муниципальный округ,2,2,2,0.24094901915382122,0.6873786485467608
Охотский муниципальный округ,4,3,4,-0.16252511456705782,1.833919708014823
Павинский муниципальный округ,0,0,3,0.08886182134986928,1.567340827546586
Павловский муниципальный округ,3,2,3,0.23670119954291324,0.9234773458781912
Павлоградский муниципальный район,1,1,2,0.14346047015513497,0.6642436741963915
Палехский муниципальный район,2,2,3,0.3875891408044671,0.4508629969049389
Палласовский муниципальный район,2,2,3,0.3587364022382663,0.47619057270716314
Панкрушихинский муниципальный район,0,2,3,0.04183930076650416,0.9617778405229483
Парабельский муниципальный район,2,2,3,0.14259641878683432,1.2158219889908821
Параньгинский муниципальный район,0,2,1,0.06568167496820207,1.333313915788502
Парфеньевский муниципальный округ,0,2,0,0.1770031046847542,0.6901764314345222
Парфинский муниципальный район,0,2,1,0.19511421255236286,1.0062268657450844
Пачелмский муниципальный район,1,1,1,0.22722349889699134,0.9041995476620303
Первомайский муниципальный округ,1,1,1,0.028193583044603242,1.7987982765595842
Переволоцкий муниципальный район,1,2,1,0.0034957479796204507,0.8165672851551363
Перелюбский муниципальный район,1,2,1,0.001914165262550552,0.8972862248955656
Перемышльский муниципальный район,1,1,1,0.2817635070704184,1.410097383376232
Пестравский муниципальный район,2,2,3,0.24117010905242806,0.9013737759732292
Пестречинский муниципальный район,1,2,3,-0.013639118631846203,1.464045381872257
Пестяковский муниципальный район,1,1,1,0.3011325448835936,0.6495034841444013
Петровск-Забайкальский муниципальный район,2,2,3,0.3070229978667995,0.8755824057902424
Петровский муниципальный округ,2,2,1,0.26012556101541195,0.9335986310163956
Петровский муниципальный район,2,2,3,0.40949480897010193,0.6832217457326069
Петуховский муниципальный округ,1,1,1,0.11128358119742181,0.8247811797373298
Петушинский муниципальный район,3,3,3,0.3614395957835825,0.6209384136264299
Печенгский муниципальный округ,3,3,3,0.17010668835815604,2.3118447449639197
Пий-Хемский муниципальный район,0,4,0,0.14539579230582794,2.1115528592238295
Пильнинский муниципальный округ,2,2,1,0.42387308081631786,0.6014786673568073
Пировский муниципальный округ,2,2,3,0.2094247236075715,0.8552828404346793
Пителинский муниципальный район,0,1,1,0.09354694152996589,1.2236085606761054
Питерский муниципальный район,2,2,1,0.22949260599751745,0.9281165615603751
Питкярантский муниципальный округ,3,2,3,-0.04687860516431375,1.4606603169188022
Пичаевский муниципальный округ,0,2,0,0.27621866322887934,0.677866300064161
Плавский муниципальный район,2,2,1,0.23447746627133742,0.8914226020052081
Пластовский муниципальный район,2,2,3,0.39381403841770696,0.6669855536433892
Плесецкий муниципальный округ,2,2,2,0.18323147840575543,1.2128191642027943
Плюсский муниципальный район,1,1,1,0.20183155064203756,0.8639569083157128
Пограничный муниципальный округ,1,1,2,-0.07939909407550752,1.197803564771328
Поддорский муниципальный район,1,2,0,0.10572144700819476,1.207472998199376
Подосиновский муниципальный район,2,2,3,0.18970528148492524,1.277593775300386
Подпорожский муниципальный район,3,2,2,0.19109954052743655,0.7758815541040679
Пожарский муниципальный округ,3,3,1,0.10899695000152186,0.9689358751254695
Покровский муниципальный район,1,1,1,0.20857773951346895,0.5705761940397548
Половинский муниципальный округ,1,1,0,0.17627170269313616,1.0588479863133269
Полтавский муниципальный район,2,2,3,0.24262253012722268,0.7641333423745752
Поназыревский муниципальный округ,2,2,3,0.1567511837042505,1.2273535869983658
Порецкий муниципальный округ,0,1,2,-0.09652400570441264,1.0048798878807141
Порховский муниципальный район,2,2,3,0.26717815225982333,0.7467940013534862
Поспелихинский муниципальный район,2,2,0,0.32330270738659367,0.8227816861301473
Похвистневский муниципальный район,0,2,0,0.10691671230212578,1.3235553108947267
Починковский муниципальный округ,2,2,3,0.21436575305340655,1.042263028578241
Починковский муниципальный район,2,2,3,0.35568599520391564,0.6509849037824393
Пошехонский муниципальный район,2,2,1,0.28816544898151625,0.6677917427466784
Правобережный муниципальный район,0,0,0,0.11804662847687475,1.9249323781404282
Предгорный муниципальный округ,3,0,3,0.20318275902481603,1.2619571723987038
Приаргунский муниципальный округ,3,2,3,0.08054169055863758,0.6396562969225688
Приморский муниципальный округ,3,3,3,0.18624497045831623,2.158228466907787
Приозерский муниципальный район,3,3,3,0.32784333349815636,1.1702708202571166
Прионежский муниципальный район,4,4,4,-0.019222860823557522,2.616119407098151
Притобольный муниципальный округ,1,1,3,0.17597760418924674,0.9109340568825834
Прокопьевский муниципальный округ,2,2,3,0.23209217973494647,0.8124960065637992
Промышленновский муниципальный округ,3,2,3,-0.0004899209479784165,1.0740814837456183
Пронский муниципальный район,2,2,1,0.4273850439002227,0.3987487327924986
Пряжинский муниципальный район,1,1,3,0.18317453659430294,1.470056991515817
Псковский муниципальный район,3,3,3,0.3536397185028006,1.2038898062020982
Пугачевский муниципальный район,2,2,3,0.3482615685093081,0.7895426564967097
Пудожский муниципальный район,2,2,3,0.23508069521084057,1.024646838023727
Пустошкинский муниципальный район,1,2,1,0.12401155423452769,0.41686253816147895
Путятинский муниципальный округ,0,1,1,0.21541947425425026,2.0014367222419827
Пучежский муниципальный район,2,2,1,0.20752519549284001,0.8050842501297302
Пушкиногорский муниципальный район,2,2,2,0.142447830212006,0.9184314305542902
Пыщугский муниципальный округ,0,2,3,-0.06369201596310148,1.3948591313335525
Радищевский муниципальный район,1,1,1,0.0471902354949892,1.0703243596575176
Ребрихинский муниципальный район,0,2,3,0.05972445480255244,1.2870487393383936
Ржаксинский муниципальный округ,0,2,1,-0.043556357060843244,0.6935701930781495
Ровенский муниципальный район,1,1,1,-0.07056518343439237,0.9143949551516133
Родинский муниципальный район,2,2,3,0.1727028373532224,1.1220045818068705
Родниковский муниципальный район,2,2,1,0.45006149246537736,0.5154394553029035
Ромненский муниципальный округ,1,2,3,0.09111871017414833,1.2590374082194675
Ромодановский муниципальный район,0,2,1,0.005057871666115091,1.2802162142731994
Рославльский муниципальный район,2,2,3,0.38591486302053646,0.712043083383854
Ростовский муниципальный район,3,3,3,0.07516973921243882,0.7134905397347062
Ртищевский муниципальный район,2,2,1,0.41887595759216145,0.6122558256508727
Рузаевский муниципальный район,2,2,1,0.32630090408469137,0.6439607276248491
Русско-Полянский муниципальный район,2,2,1,0.4010164037048817,0.5272149930566336
Рыбно-Слободский муниципальный район,0,1,1,0.04873916115474152,1.008309541538454
Рыбновский муниципальный район,3,0,1,0.013632334807236213,1.2025036487316558
Ряжский муниципальный округ,2,2,1,0.3779306818824066,0.6406861009412271
Рязанский муниципальный район,3,3,3,0.16959379967421107,0.8059895186341381
Сабинский муниципальный район,1,1,1,0.0037089341338735256,1.126595191464919
Савинский муниципальный район,2,2,1,0.20840678856652414,0.8843221746282456
Сакмарский муниципальный район,1,1,1,0.2877581804166891,0.9000142626173793
Салаватский муниципальный район,2,2,3,0.3516272100027393,0.7505494925991553
Самойловский муниципальный район,2,1,1,0.11736587645549643,1.3458292880773335
Сампурский муниципальный округ,2,2,1,0.1341397305440109,0.8063498663658119
Сапожковский муниципальный район,1,2,1,-0.09960606068977938,1.01852763394027
Сараевский муниципальный район,2,2,1,0.324043289127652,0.8978529119276786
Саракташский муниципальный район,1,1,2,-0.012068899763214826,1.0973327966331718
Саргатский муниципальный район,1,1,3,0.20477551838170682,0.7264833396873956
Сармановский муниципальный район,1,1,1,0.2535492084289571,1.1328840824928101
Сарпинский муниципальный район,0,0,0,0.3127662893158931,1.1620892635235232
Саткинский муниципальный район,3,3,3,0.24999024463683223,0.9004655540998064
Сафакулевский муниципальный округ,0,2,3,0.17815068744005524,0.7493360385131015
Сафоновский муниципальный район,2,2,3,0.2309906030485957,0.8125705446956335
Саянский муниципальный район,2,2,3,0.1578183030200992,0.9743173488322138
Свердловский муниципальный район,1,1,1,0.28658956332974417,0.6891652309451879
Светлинский муниципальный район,2,2,3,0.272206431026589,0.751222233604602
Светлоярский муниципальный район,0,1,1,0.004288135259853486,1.5375163970762262
Свободненский муниципальный район,1,1,3,0.00616048984893208,1.502290270832747
Себежский муниципальный район,2,2,3,0.38016454052289483,0.7044036319603495
Северо-Енисейский муниципальный район,3,3,4,0.31641147883793025,1.6017215996442242
Сегежский муниципальный округ,3,2,1,0.03759492358314183,1.6116795749695394
Седельниковский муниципальный район,2,2,3,0.1388691128451349,1.0120249794341785
Селемджинский муниципальный район,1,1,3,0.08729576441923184,1.770854122383855
Селивановский муниципальный район,1,2,1,0.08038488140636817,0.688331108764949
Сенгилеевский муниципальный район,0,1,0,0.10583647356794705,0.8731965293686684
Серафимовичский муниципальный район,2,2,3,0.3718475172488398,0.5172485145742981
Сергачский муниципальный округ,2,2,3,0.4190471627940633,0.69518562277763
Сергиевский муниципальный район,1,1,1,0.2429262881461217,0.8869933120211131
Сердобский муниципальный район,2,2,1,0.32048326321752063,0.6156960912543146
Сернурский муниципальный район,0,2,1,0.012467299302649353,1.314316337114661
Серышевский муниципальный округ,1,1,3,0.14343797814477574,1.80388670225409
Сеченовский муниципальный округ,2,2,2,0.43604466962625194,0.5831412464218056
Сковородинский муниципальный округ,3,2,3,-0.07327145974348147,1.2267882244837187
Сладковский муниципальный район,1,1,2,0.2067293431204687,0.6141565613332608
Сланцевский муниципальный район,3,3,3,0.267451861887936,0.8432356583903065
Слободо-Туринский муниципальный район,1,1,1,-0.007288270291848357,0.8298427768806391
Слободской муниципальный район,1,1,1,0.03677710053771295,1.1318888881828173
Слюдянский муниципальный район,2,2,3,0.2967331441144934,0.7807097653410239
Смидовичский муниципальный район,3,0,3,0.2816014170057724,1.3666972046799497
Собинский муниципальный район,2,2,1,0.1703103720073453,1.0619019992509204
Соболевский муниципальный район,4,4,4,0.22827955965074118,2.7485311118278006
Советско-Гаванский муниципальный район,3,3,3,0.19611801001546075,1.2417986667286605
Сокольский муниципальный округ,2,2,1,0.15801732008775948,1.0501871570712793
Солигаличский муниципальный округ,1,1,3,0.1365580669997593,0.9669871042746012
Солнечный муниципальный район,1,1,1,0.13861713479957505,1.3831508904796932
Солонешенский муниципальный район,1,2,0,0.03602360187937675,1.9775178222075858
Солтонский муниципальный район,0,2,0,0.19046992897255835,1.0396702151277153
Сорокинский муниципальный район,1,2,3,0.08420702059179545,1.3793320131443958
Сортавальский муниципальный район,3,3,3,0.3667276967832317,0.911766761842998
Сосновоборский муниципальный район,0,1,1,0.10754364235822904,0.9572657640476924
Сосновский муниципальный район,3,3,3,0.25223416810065197,1.897516273370956
Спас-Деменский муниципальный район,0,2,1,0.11617846534674524,0.9054329843944648
Спасский муниципальный округ,2,2,2,0.3103599862385985,0.6021277964999372
Среднеахтубинский муниципальный район,3,0,1,0.1491413796999067,1.1588675293405213
Среднеколымский муниципальный район,4,4,4,0.4219977194613083,1.0342183738443769
Сретенский муниципальный район,2,2,3,0.21139316992374563,1.1070023346913453
Ставропольский муниципальный район,3,0,3,0.28518073265427074,1.5147687580618174
Становлянский муниципальный район,1,1,1,0.03252523227519283,2.102452496178011
Старожиловский муниципальный район,0,2,1,-0.058705848047024556,1.2101731725391787
Старокулаткинский муниципальный район,0,1,1,0.016507012674972798,1.3291257423403067
Старомайнский муниципальный район,1,1,1,0.19431336365114185,1.0856920377889656
Старополтавский муниципальный район,2,2,3,0.3857579598090335,0.6741460262767753
Старорусский муниципальный район,2,2,1,0.3780746009452354,0.6474430196799866
Старошайговский муниципальный район,0,1,1,0.11328555621671603,2.2529390239266456
Староюрьевский муниципальный округ,2,2,1,0.29891717349842073,0.8233052419276532
Степновский муниципальный округ,0,0,1,0.2565622731157599,1.2592965292036555
Стерлибашевский муниципальный район,1,1,1,0.26293013206977717,1.4796136842655023
Стерлитамакский муниципальный район,3,3,4,0.22925840843954845,0.47347996378354223
Суворовский муниципальный район,2,2,2,0.3303402078745197,0.7413764604806367
Судиславский муниципальный район,2,2,2,0.29516976884691565,0.618982931965055
Судогодский муниципальный район,1,1,1,0.054932227171595197,0.8471602120878126
Суздальский муниципальный район,3,0,1,0.24178104052911145,1.128510325082268
Сузунский муниципальный район,2,2,3,0.2390725603214126,0.8569676912902199
Сунский муниципальный район,1,1,1,0.23265032293743798,1.9256451008218076
Сунтарский муниципальный район,4,4,4,0.21407848436053253,1.0811787263813788
Суоярвский муниципальный округ,1,1,3,-0.06480549128832307,1.4912452799844398
Сургутский муниципальный район,3,3,4,0.17393922429193645,1.7504955550470171
Суровикинский муниципальный район,2,2,3,0.4673994217375577,0.5208365025569434
Сурский муниципальный район,0,2,1,-0.08271733524342113,0.9758533168626023
Сусанинский муниципальный район,1,1,1,0.13353432390013203,0.7907124350949442
Сухиничский муниципальный район,2,2,1,0.2665682882545613,0.7529973570194546
Сухобузимский муниципальный район,0,2,3,-0.0664048553731545,0.9054018030858413
Сызранский муниципальный район,3,0,3,0.11780802061749444,1.457137579720224
Сычевский муниципальный район,2,2,1,0.4205303261991854,0.5892444284031295
Сямженский муниципальный округ,1,1,1,0.13606365965269682,2.4551210943958126
Таборинский муниципальный район,0,2,1,0.05250459753723177,1.3107262426844746
Табунский муниципальный район,0,1,0,-0.007180220044508894,1.2116398353784212
Таврический муниципальный район,1,2,1,-0.12374814778005352,0.8495663399126597
Таймырский Долгано-Ненецкий муниципальный район,4,4,4,0.206058178440508,2.7094082619589956
Тайшетский муниципальный район,2,2,4,0.13487666488131395,1.1878601914480729
Тальменский муниципальный район,2,2,1,0.37085275999721595,0.7700018646178877
Тамалинский муниципальный район,2,2,1,0.23229096159166387,0.9612546988006665
Тандинский муниципальный район,3,0,0,0.08582290504527386,1.9365196665960498
Тарногский муниципальный округ,2,2,3,0.34434008192388715,0.8060805039431804
Тарский муниципальный район,2,2,2,0.4292591125104806,0.5469137989848558
Тарусский муниципальный район,1,1,1,0.08649493054425542,0.9887624927592377
Тасеевский муниципальный район,2,2,3,0.31580583411646496,0.5864813997737336
Татарский муниципальный район,2,2,3,0.3907289025138379,0.5438451481342929
Татищевский муниципальный район,2,2,1,0.3680422739954475,0.5961266763423264
Таттинский муниципальный район,4,4,4,0.08105045154720106,1.6391119130954548
Татышлинский муниципальный район,0,2,0,0.005758170429276763,1.130211657504967
Тахтамукайский муниципальный район,3,3,3,0.36282266040124816,1.4041302791091388
Ташлинский муниципальный район,2,2,2,0.24857247336467403,0.7956754420567591
Таштагольский муниципальный район,3,3,3,0.33504260023126126,0.6683830969793496
Таштыпский муниципальный район,2,2,3,0.1189383967227036,1.0232596188815493
Тевризский муниципальный район,2,2,3,0.3829892287060058,0.5310925007789234
Тегульдетский муниципальный район,2,2,1,0.16627929264685778,0.9636759064744181
Тейковский муниципальный район,0,1,0,0.2256558390788487,1.172093208374822
Темкинский муниципальный район,0,4,1,-0.019408450635732474,1.7685868418244883
Темниковский муниципальный район,2,2,3,0.3317991324057149,0.7457419788701438
Теньгушевский муниципальный район,1,1,1,0.14404012616871906,1.4555995406616058
Тепло-Огаревский муниципальный район,2,2,1,0.3307250651543659,0.8019399665777706
Тербунский муниципальный район,2,2,1,0.3798004430524748,0.7758542206044937
Тереньгульский муниципальный район,0,2,0,0.01739935189526312,0.9389620555404484
Тернейский муниципальный округ,3,3,3,0.38779798025003476,0.47582927961153026
Тетюшский муниципальный район,2,2,1,0.3208389089364751,0.7211941586538904
Теучежский муниципальный район,3,0,3,0.23805925833127767,1.4513663152416396
Тигильский муниципальный район,4,4,4,0.2549537665422458,1.9197993535295812
Тисульский муниципальный округ,2,2,3,0.22375911934128004,0.6930691946133875
Тихвинский муниципальный район,3,3,3,0.43587241863246295,0.5031843498173992
Тогульский муниципальный район,2,2,3,0.3481734896501994,0.765420702325273
Тогучинский муниципальный район,2,2,3,0.41782018556521167,0.6298543375726083
Тоджинский муниципальный район,4,4,4,0.10258622870884282,1.7100183368466408
Токарёвский муниципальный округ,0,2,1,-0.056269637933361705,0.6928132869531072
Томпонский муниципальный район,4,4,4,0.11855056784266903,1.5359955425111527
Томский муниципальный район,3,3,3,0.35003773313494224,1.3988606055181336
Тонкинский муниципальный округ,0,2,3,-0.09010007914316175,1.0553088516695017
Тоншаевский муниципальный округ,3,2,0,-0.027442499449548224,1.2858455500241894
Топкинский муниципальный округ,3,2,3,0.19045581547780524,1.5248391178463785
Топчихинский муниципальный район,2,2,3,0.3225043968963506,0.7652329649483632
Торбеевский муниципальный район,2,2,1,0.43372831436808507,0.5430740052131974
Тосненский муниципальный район,3,3,3,0.40361340027691994,0.9426386358845288
Тотемский муниципальный округ,2,2,3,0.22775944381053245,0.8650565162142452
Тоцкий муниципальный район,3,0,3,0.2205799714884693,1.0276191225331561
Третьяковский муниципальный район,0,2,3,-0.13057278762858973,0.9622544237630019
Троснянский муниципальный район,0,1,0,0.06026489302270185,1.4291966972987906
Труновский муниципальный округ,2,2,2,0.2785854974817216,0.6975710569041589
Тужинский муниципальный район,2,2,0,0.20718612011801354,1.27691300911157
Туймазинский муниципальный район,3,3,3,0.10534264827692133,0.6112489243822925
Туркменский муниципальный округ,1,2,3,-0.0729293008547821,0.8782772752911098
Турковский муниципальный район,0,2,1,-0.05979978978426123,1.121678480701106
Турочакский муниципальный район,3,2,3,0.03902646741130668,1.6005585738505865
Туруханский муниципальный район,4,4,4,0.27915753771030233,1.7229569766622133
Тутаевский муниципальный район,3,0,1,0.26568760071035125,1.046316448954854
Тындинский муниципальный округ,3,3,3,0.23492719196258588,1.4484042818894558
Тюкалинский муниципальный район,1,1,1,0.15533852417381308,0.7979574693472956
Тюльганский муниципальный район,1,1,2,0.1796900820052439,0.6819792112917614
Тюлячинский муниципальный район,1,1,1,0.05853523381347035,2.5897209960936487
Тюменский муниципальный район,3,3,3,0.286606217191245,1.8961519507810474
Тюменцевский муниципальный район,0,2,3,0.012008813214570379,1.1482753596420057
Тюхтетский муниципальный округ,2,2,0,0.21439921242909618,0.8405698154481634
Тяжинский муниципальный округ,2,2,3,0.3298207632196584,0.6265397339509816
Убинский муниципальный район,1,2,1,-0.09930219429860915,0.8785701647982412
Уватский муниципальный район,1,1,3,0.08544185245721289,1.9375179371907196
Увельский муниципальный район,1,1,1,0.23516090414600777,0.4515885342500566
Угличский муниципальный район,3,3,3,0.24908500702688147,0.6592938838822586
Угловский муниципальный район,0,2,3,-0.05743007593936055,1.020825845709229
Угранский муниципальный район,2,2,3,0.3101356050298097,0.7165082981817495
Ужурский муниципальный район,3,2,3,0.11129878644801645,0.8942124110499983
Узловский муниципальный район,3,3,3,0.3777515055428672,0.6866035400280306
Уйский муниципальный район,1,1,1,-0.07651203454803403,1.3276533700350608
Улаганский муниципальный район,4,4,4,0.24692821113690827,1.67358620426075
Улуг-Хемский муниципальный район,4,4,4,-0.05757471173784525,2.045896259630423
Ульчский муниципальный район,3,2,4,0.21212927643996748,1.6726627750304845
Умётский муниципальный округ,0,2,0,0.031948612024696406,0.9315354320065825
Упоровский муниципальный район,2,2,3,0.42070464538845426,0.5290167806843976
Уренский муниципальный округ,2,2,2,0.19550228317141366,1.0584651946099188
Уржумский муниципальный район,1,2,3,-0.05547496573604662,0.9611351505964992
Урицкий муниципальный район,1,1,1,0.3337714182119158,1.381808792383188
Урмарский муниципальный округ,1,1,1,0.23711945141767038,1.0710704785139518
Урупский муниципальный район,0,2,0,0.05330056668358737,0.6704042777971901
Усвятский муниципальный район,0,2,1,0.24512432300143808,1.0666968869992546
Усманский муниципальный район,2,2,1,0.42447775681720745,0.6359223309297746
Усольский муниципальный район,0,2,1,-0.051740560011431555,1.1347419842578799
Усть-Абаканский муниципальный район,3,0,3,0.17339605666412355,0.894686890286001
Усть-Алданский муниципальный район,4,4,4,-0.013189042092094583,1.9769274864108417
Усть-Большерецкий муниципальный район,4,4,4,0.22500491641504158,2.0493137697696584
Усть-Джегутинский муниципальный район,0,0,0,0.2358839093105456,1.5715840019325154
Усть-Илимский муниципальный район,0,2,1,0.23012479765727306,1.645337954231913
Усть-Ишимский муниципальный район,0,0,3,0.15575941284311487,1.2307817978308502
Усть-Калманский муниципальный район,2,2,0,0.18632278401906832,1.044841148890192
Усть-Камчатский муниципальный район,4,3,3,-0.1002235115887647,1.9345961562416771
Усть-Канский муниципальный район,4,4,4,-0.03199137832605295,2.0111717145524737
Усть-Коксинский муниципальный район,3,2,3,0.0649098678306644,1.7640740608453596
Усть-Кубинский муниципальный округ,1,2,1,0.19021169967479984,0.5274367353216508
Усть-Кутский муниципальный район,3,3,3,0.2758435325028986,1.4530943618235184
Усть-Майский муниципальный район,4,4,4,0.27661957334629506,1.7947447451904852
Усть-Пристанский муниципальный район,2,2,0,0.10613552592720757,1.379473301756212
Усть-Таркский муниципальный район,0,2,3,-0.12511871995266416,1.042656696658245
Усть-Удинский муниципальный район,0,2,3,-0.06889018653881668,0.8802229215831017
Усть-Янский муниципальный район,4,4,4,0.39760674489366626,1.6662099667750359
Устьянский муниципальный округ,2,2,3,0.2711151793884921,1.04315487635115
Устюженский муниципальный округ,2,2,1,0.354110174707879,0.5654369312705457
Уфимский муниципальный район,3,0,3,0.3708429197006907,0.9276152320250759
Ухоловский муниципальный район,0,2,0,-0.10116815925488958,1.0926948956622744
Учалинский муниципальный район,3,3,3,0.23942238188433526,0.5647392978906376
Уярский муниципальный район,2,2,3,0.367880846480691,0.619492418217619
Ферзиковский муниципальный район,3,0,4,0.1436984106637088,1.6303656190050597
Фурмановский муниципальный район,2,2,1,0.3513028959193869,0.5340355587416195
Хабаровский муниципальный район,3,3,3,0.2601138364181115,1.6436465167948722
Хабарский муниципальный район,2,2,3,0.2825286348653554,0.8561616556012955
Хабезский муниципальный район,0,0,3,0.26635468157189585,1.5477905944533192
Хайбуллинский муниципальный район,2,2,3,0.32353600717233966,0.6980930328719799
Хангаласский муниципальный район,4,1,3,-0.09020535050477686,2.2209853760977403
Ханкайский муниципальный округ,2,2,1,0.2446173958728414,0.814078612088293
Ханты-Мансийский муниципальный район,3,2,1,0.16073542131426088,1.1041082002566627
Харабалинский муниципальный район,2,2,0,0.1744410061112228,1.1534887477951292
Харовский муниципальный округ,1,1,1,0.03304208559041316,1.1439064712750742
Хасанский муниципальный округ,3,3,1,0.02238628087848942,1.2646464222241705
Хвалынский муниципальный район,2,2,2,0.4553123410761407,0.49157461773395594
Хвастовичский муниципальный район,1,1,1,0.17087759825618262,0.5796194373751549
Хворостянский муниципальный район,2,2,2,0.39089370807081336,0.5784940644148435
Хилокский муниципальный район,2,2,3,0.34540189161099827,0.7170690497867859
Хиславичский муниципальный район,1,1,2,0.0791434090600197,0.5503498259592022
Хлевенский муниципальный район,2,2,2,0.3414221470577758,0.5645229314525013
Холм-Жирковский муниципальный район,0,0,1,-0.035362859244588686,1.3441688421039713
Холмогорский муниципальный округ,1,1,1,0.319859203881484,1.0692290900171006
Холмский муниципальный район,1,1,1,0.24646212281263746,0.6585623282389215
Хорольский муниципальный округ,1,2,1,-0.031813184414451336,1.239300364105715
Хотынецкий муниципальный район,0,2,1,0.22206475682262855,1.2175936194032373
Целинный муниципальный округ,1,1,1,0.028512589438474116,1.1037422232719618
Цивильский муниципальный округ,0,2,1,0.0637994142617637,0.7742758686005706
Чагодощенский муниципальный округ,2,2,3,0.2314850334314956,0.9499831588972026
Чаинский муниципальный район,2,2,3,0.26807067713078725,0.7426890644932103
Чамзинский муниципальный район,2,2,3,0.4000981758139815,0.7678483852295219
Чановский муниципальный район,2,2,3,0.11674501194092546,1.297889275109984
Чаплыгинский муниципальный район,2,2,1,0.3556973691463265,0.6205916380602821
Частоозерский муниципальный округ,0,1,1,0.04513117461665202,0.9024701148199932
Чебаркульский муниципальный район,0,0,0,0.11591315016666995,1.9182012804574846
Чебоксарский муниципальный округ,3,0,3,0.11168437092466908,1.6459133480633297
Чебулинский муниципальный округ,0,0,3,-0.01826424643888023,1.4197012312486896
Чеди-Хольский муниципальный район,0,0,0,0.14763899597996674,2.3631297949513277
Чекмагушевский муниципальный район,1,1,0,0.21861045607361135,0.9025746157672629
Челно-Вершинский муниципальный район,0,2,1,0.08342016062803995,0.528150421748153
Чемальский муниципальный район,4,4,4,0.10889981150566856,1.735816107562781
Чердаклинский муниципальный район,2,2,3,0.24729110639632762,0.8385305465180224
Черемховский муниципальный район,2,2,1,0.3296493203638746,0.6606660091816987
Черемшанский муниципальный район,1,1,1,0.15809122060573372,1.2376376284284856
Черепановский муниципальный район,2,2,3,0.1246587148834236,1.0527558926560856
Череповецкий муниципальный район,3,3,3,0.23083187447061196,0.6797455868743874
Черлакский муниципальный район,2,2,3,0.24686680427963656,0.6675663775865398
Черноярский муниципальный район,1,1,1,0.2946685241031988,1.4687320163889368
Чернский муниципальный район,2,3,3,0.1300878941816877,0.9341049662853979
Чернышевский муниципальный район,2,2,2,0.22498368169801683,0.9295678656678498
Чернышковский муниципальный район,0,2,3,-0.13254499553185828,0.9771987681729204
Чесменский муниципальный район,2,2,2,0.19631250260615835,0.9509153498989783
Чистоозерный муниципальный район,2,2,3,0.2822639876797452,0.6307542699439088
Чистопольский муниципальный район,3,2,3,0.015148767217312143,0.9204816214172743
Читинский муниципальный район,2,2,3,0.23284854284842868,0.8155082052827951
Чишминский муниципальный район,2,2,3,0.1928465908340328,0.8583699149794347
Чойский муниципальный район,0,2,0,-0.09837726036258615,1.325671148192613
Чугуевский муниципальный округ,2,2,3,0.17901451369891022,0.9527718050399278
Чудовский муниципальный район,3,2,3,-0.07618562575472028,1.0277266734474793
Чулымский муниципальный район,2,2,1,0.3011022067270388,0.6454329357889266
Чунский муниципальный район,2,2,3,0.23360184455086433,1.1474605353860137
Чурапчинский муниципальный район,4,4,4,0.11339333508231735,1.7434628517149158
Чухломский муниципальный район,2,2,2,0.32145874838413696,0.7663983784732452
Чучковский муниципальный район,0,2,0,0.10211293286957632,0.2882319096643367
Шабалинский муниципальный район,2,2,3,0.15077053233572854,0.9285778868513773
Шаблыкинский муниципальный район,1,1,1,0.34896770335135296,1.175807681276294
Шарангский муниципальный округ,2,2,0,0.26486869138321023,0.975866998844643
Шаранский муниципальный район,1,1,1,0.2717104194288914,1.4375099101031705
Шарлыкский муниципальный район,1,1,0,0.25534114738990427,0.7773447551410215
Шарьинский муниципальный район,0,2,1,0.15415732428829854,0.9358456657843817
Шатковский муниципальный округ,2,2,3,0.18044940887011388,0.7397497489906444
Шатровский муниципальный округ,2,2,3,0.2490231256372917,0.8858939594845339
Шацкий муниципальный район,2,2,1,0.29841475319288435,0.6079349972155851
Шебалинский муниципальный район,0,2,3,0.016139059864448097,1.4070605961072646
Шегарский муниципальный район,1,1,3,0.11198494520893575,1.4576923618474524
Шекснинский муниципальный район,2,2,3,0.12549593641579593,1.2363760948829423
Шелаболихинский муниципальный район,1,2,0,-0.07638501805821085,1.3728171069370687
Шелеховский муниципальный район,3,3,3,0.2964021921152151,0.8625608200518468
Шелопугинский муниципальный район,0,2,0,0.07125010889448373,0.9974991089652274
Шемуршинский муниципальный округ,1,1,0,0.2846001917809339,1.1780237413064814
Шенкурский муниципальный округ,1,2,3,-0.0725904074064516,1.201382745725016
Шенталинский муниципальный район,2,2,3,0.39668681704391473,0.3947028243012775
Шербакульский муниципальный район,2,2,3,0.14269046549896738,1.1397503417367207
Шигонский муниципальный район,2,2,2,0.3139226317219237,0.8725151545050615
Шилкинский муниципальный район,2,2,2,0.3130140168835132,0.9355540416374256
Шиловский муниципальный район,1,2,1,0.06343384538242595,0.8344930832025773
Шимановский муниципальный округ,1,1,4,0.21273867664286591,2.4034079280164873
Шимский муниципальный район,2,2,2,0.37153126791388563,0.5108573941564812
Шипуновский муниципальный район,2,2,3,0.163601746807919,1.3485471683101895
Ширинский муниципальный район,2,2,3,0.26899137836318504,0.8438600496913254
Шовгеновский муниципальный район,0,0,0,0.2916356077953889,1.0720793207710926
Шпаковский муниципальный округ,3,0,3,0.3772930919889101,1.141400586703899
Шуйский муниципальный район,3,2,0,0.0759022231783856,0.9661372833092057
Шумячский муниципальный район,0,2,1,-0.12839624675638864,0.9017740677714987
Шушенский муниципальный район,2,2,3,0.24706995707339152,0.8436968455600325
Щекинский муниципальный район,3,3,3,0.4051197175391088,0.5746842606399521
Щучанский муниципальный округ,2,2,2,0.31430678847988364,0.7186857072039043
Эвенкийский муниципальный район,4,4,4,0.3504928718252125,1.3021052304218284
Энгельсский муниципальный район,3,3,3,0.2659897047918323,0.489607146201765
Эхирит-Булагатский муниципальный район,1,1,3,0.06043448668399615,0.6820496818506374
Южский муниципальный район,2,2,3,0.3291148182232149,0.6615168542217158
Юргамышский муниципальный округ,1,2,3,-0.026473504949111076,0.6803562181512819
Юргинский муниципальный район,1,2,3,-0.04992173421632259,1.1837380048387678
Юринский муниципальный район,0,2,0,0.11592284235294174,1.1904820890341004
Юрьев-Польский муниципальный район,2,2,1,0.311451860667922,0.8792151747725405
Юрьевецкий муниципальный район,2,2,3,0.22498854194928405,0.9417489944413537
Юрьянский муниципальный район,1,1,1,0.273910909754669,1.3064910022080807
Юстинский муниципальный район,0,2,0,0.04264954441090288,1.7734531177939667
Ютазинский муниципальный район,1,1,1,0.26664987128004847,1.2759952136948378
Юхновский муниципальный район,1,1,1,0.24927574065376898,0.946659351085595
Ядринский муниципальный округ,1,2,3,-0.04575200690268284,1.1516060178396976
Яйский муниципальный округ,3,2,3,-0.04446481392143609,1.119326754413491
Яльчикский муниципальный округ,1,1,1,0.3055242446197186,1.6247187622382901
Янаульский муниципальный район,2,2,1,0.3044389177248076,0.6168143783383301
Янтиковский муниципальный округ,1,1,1,0.05283030244286922,2.1174317504640907
Яранский муниципальный район,1,1,1,-0.059947418951450684,0.9292132962202432
Ярковский муниципальный район,2,2,1,0.18270247604791062,0.8945975777167886
Ярославский муниципальный район,3,3,3,0.2932249439639846,1.203029490217243
Ярцевский муниципальный район,3,2,3,0.012531887081300675,1.1281735511771143
Ясногорский муниципальный район,3,3,1,0.038448329615749045,0.8455304935258747
Яшалтинский муниципальный район,0,2,0,0.23305085644946302,1.6645960579196957
Яшкинский муниципальный округ,3,2,3,0.15329826638246766,1.021295014226134
Яшкульский муниципальный район,0,1,1,0.20057821578524068,2.0501719358677724
городской округ Абдулинский,2,2,1,0.29974581678978274,0.6877242753870472
городской округ Богданович,3,3,3,0.20844363586483294,0.6748674981400508
городской округ Верхний Тагил,2,2,2,0.23348246779874374,1.0126899891657912
городской округ Верхняя Пышма,3,3,3,0.4096826592532007,0.9087998077621964
городской округ Верхняя Тура,2,2,3,0.12192333425350263,1.1686623032583257
городской округ Верхотурский,2,2,3,0.2721090871058314,0.8640239492676008
городской округ Воротынский,1,1,3,0.1974126739856038,0.9926181455303864
городской округ Гайский,1,1,1,0.1827350274710583,0.9671779628635196
городской округ Дегтярск,1,1,1,0.22931444542234308,1.4123556481818045
городской округ Жигулевск,3,3,3,0.3755689369611795,0.8068493991789888
городской округ Заречный,3,3,1,-0.034243926249628166,1.315912213163142
городской округ Карпинск,1,1,3,0.16163978742815951,1.3101537751852455
городской округ Краснотурьинск,3,3,3,0.22745852055068322,0.8817568905509753
городской округ Красноуральск,2,2,2,0.24608368249838894,0.9815789183929252
городской округ Красноуфимск,3,2,3,0.15395579388621794,0.8323413741511517
городской округ Кувандыкский,2,2,2,0.33116938870317986,0.7696490906160113
городской округ Навашинский,1,1,1,0.19623357370611946,0.7570434748697096
городской округ Нижняя Салда,2,2,1,0.13769763020483503,1.3359926447770911
городской округ Новокуйбышевск,3,3,3,0.3958453698653756,0.5105713631919968
городской округ Октябрьск,2,2,2,0.2562071996326538,0.7841271451982871
городской округ Отрадный,3,3,3,0.35546063998476923,0.1598589562668203
городской округ Пелым,0,2,4,0.0392915370352786,1.7218931304740306
городской округ Первоуральск,3,3,3,0.3860408808250686,0.5479301248780865
городской округ Перевозский,2,2,3,0.31783807496729677,0.6894127608975246
городской округ Ревда,3,3,3,0.37983066355293343,0.6047510999164336
городской округ Рефтинский,3,2,1,-0.05212367358500812,1.7516898631743238
городской округ Семеновский,2,2,1,0.33510498313222103,0.8338837050445373
городской округ Сокольский,2,2,3,0.36699141803792595,0.5267913700877236
городской округ Соль-Илецкий,0,4,0,0.11545594570936984,1.780984843497157
городской округ Сорочинский,2,2,3,0.32186673764018525,0.8010525440756342
городской округ Среднеуральск,1,2,4,-0.029651346412953476,1.89664644975555
городской округ Сухой Лог,3,3,3,0.01694918485458434,0.803957760436968
городской округ Ясненский,1,1,3,0.22312126404452595,1.0726235849626353
городской округ город Агидель,1,1,1,0.2546955937341043,1.3042658674097118
городской округ город Алатырь,2,2,1,0.36339391486668077,0.7402761454967832
городской округ город Арзамас,3,3,3,0.3486463142557099,0.33178187435603096
городской округ город Бор,3,3,3,0.39039572475521656,0.4785617606888971
городской округ город Бугуруслан,3,2,3,0.21938248347437445,0.7351455446221022
городской округ город Бузулук,3,3,3,0.3667793689803816,0.5426004960501694
городской округ город Волжск,2,2,1,0.23996352633464108,1.0717414217290577
городской округ город Воткинск,3,3,3,0.20968340484890025,0.545857723351932
городской округ город Выкса,3,3,3,0.3158315049566825,0.6087945577110518
городской округ город Вятские Поляны,2,2,2,0.4566857591350775,0.48824612934916956
городской округ город Глазов,3,2,3,0.13744002126618615,0.7325319809471609
городской округ город Дзержинск,3,3,3,0.4104568456755432,0.6687112266658004
городской округ город Ижевск,3,3,3,0.3703201421584356,0.5231437453328653
городской округ город Йошкар-Ола,3,2,1,0.07272745044716783,0.9577328486190957
городской округ город Казань,3,3,3,0.39177224869269195,0.7055499370222584
городской округ город Канаш,2,2,3,0.3318626702649225,0.8719494416200254
городской округ город Киров,3,3,3,0.37307294861091045,0.5696372480862216
городской округ город Кирово-Чепецк,3,3,1,-0.013367310687948884,1.032010345100687
городской округ город Котельнич,2,2,1,0.2345119551639803,1.0039381332378898
городской округ город Кулебаки,2,2,3,0.15620901548995697,0.9912171550157236
городской округ город Кумертау,3,3,3,-0.03441546576569404,0.7940671278950695
городской округ город Медногорск,2,2,1,0.32161260906342043,0.7877572042294244
городской округ город Можга,3,2,3,-0.024919342536995598,1.343598956546825
городской округ город Набережные Челны,3,3,3,0.41067219378198344,0.574037907097628
городской округ город Нефтекамск,3,3,3,0.2750743103656919,0.463758625450504
городской округ город Нижний Новгород,3,3,3,0.36833040355584457,0.7813733887412656
городской округ город Новотроицк,3,3,3,0.31583677627804024,0.874719020064932
городской округ город Новочебоксарск,3,3,3,0.23985310087317802,0.516913635711989
городской округ город Октябрьский,3,3,3,0.15723626196114482,0.6729284160014768
городской округ город Первомайск,2,2,2,0.24001830634401658,0.8661581859518822
городской округ город Салават,3,3,3,0.21577826818290513,0.6019140713540663
городской округ город Сарапул,3,3,3,0.34202647089027016,0.8118921650779182
городской округ город Саратов,3,3,3,0.2939698160524429,0.5094603850595665
городской округ город Сибай,3,3,3,0.10131538707489707,0.5738519260060847
городской округ город Слободской,2,2,2,0.396062676767911,0.7818638858192335
городской округ город Стерлитамак,3,3,3,0.2996493118757259,0.5001398481668472
городской округ город Уфа,3,3,3,0.32420223154917793,0.7353925645539385
городской округ город Чебоксары,3,3,3,0.3063594105688306,0.3872508267065954
городской округ город Чкаловск,2,2,3,0.3707445842615197,0.6086512912433096
городской округ город Шахунья,2,2,2,0.4079320008312718,0.6735268341005327
городской округ город Шиханы,0,4,4,0.029848299027130668,1.6629377044594877
городской округ город Шумерля,2,2,1,0.14058317448547783,0.9244521268135528
