cluster,mo,type,dist_kmeans,sil_kmeans
0,Залегощенский муниципальный район,typical,0.4372711028856021,0.1890968568064365
0,Увельский муниципальный район,typical,0.4589402433330672,0.205655080534704
0,Должанский муниципальный район,typical,0.4765178917064438,0.0449610890206608
0,Милославский муниципальный район,typical,0.4772837807703247,0.0515661032601878
0,Касимовский муниципальный район,typical,0.4857161286607514,0.0751436027353038
0,Баймакский муниципальный район,borderline,0.8380537697877468,-0.1236832955234757
0,Верховский муниципальный район,borderline,0.8109190592222121,-0.1173208650311353
0,Таврический муниципальный район,borderline,0.8444344520695708,-0.1115738523330653
0,Базарно-Карабулакский муниципальный район,borderline,0.8883873157534663,-0.1077004249672371
0,Дедовичский муниципальный район,borderline,0.9719012434641318,-0.1047922627203557
1,Белокатайский муниципальный район,typical,0.3084002071379298,0.4043500010111843
1,Аромашевский муниципальный район,typical,0.3112955088658413,0.4183314636109848
1,Палехский муниципальный район,typical,0.3787096808849423,0.4190730369788742
1,Шенталинский муниципальный район,typical,0.3800721782154556,0.3623049788896115
1,Ивантеевский муниципальный район,typical,0.4147393627285966,0.3790166537941485
2,городской округ Отрадный,typical,0.2121673740212985,0.3078105780012582
2,городской округ город Чебоксары,typical,0.3775311260479482,0.2669100659222315
2,Балахнинский муниципальный округ,typical,0.3825767805196832,0.3539529743459172
2,Мелеузовский муниципальный район,typical,0.4003712339339437,0.1664095071242543
2,городской округ город Арзамас,typical,0.4026910102465462,0.303561374176693
2,Таштыпский муниципальный район,borderline,0.9722564595499698,-0.117760274235493
2,Маловишерский муниципальный район,borderline,0.954794878729944,-0.1124087237087843
2,Чернский муниципальный район,borderline,0.9574546235946182,-0.1094603285193857
2,Борисоглебский муниципальный район,borderline,1.2070770492587255,-0.1037839114974014
2,Мазановский муниципальный район,borderline,0.8213507022729429,-0.0967993062093292
3,Олекминский муниципальный район,typical,0.9223768490946512,0.2238106091642504
3,Нюрбинский муниципальный район,typical,1.0715822695167214,0.0574125249290745
3,Сунтарский муниципальный район,typical,1.0812872782656486,0.216167445816962
3,Среднеколымский муниципальный район,typical,1.0857029964790426,0.4201933992983115
3,Катангский муниципальный район,typical,1.1358118796189705,0.350942627318903
3,Верхневилюйский муниципальный район,borderline,1.7349101532196944,-0.1297020813181811
3,Мирнинский муниципальный район,borderline,2.047953269661627,-0.1180389222938397
3,Охотский муниципальный округ,borderline,1.8007552551703812,-0.1163121981049992
3,Ардонский муниципальный район,borderline,2.7296894455379634,-0.0781217302866803
3,Хангаласский муниципальный район,borderline,2.223730568873788,-0.0521605071305798
