feature,mean,std,min,q01,q25,median,q75,q99,max,n_below_p_lo,n_above_p_hi
A1,0.039397312481083545,0.22063771503368268,-0.4842196906431636,-0.3358564044762658,-0.119037405087393,0.0003453775034226,0.1525372698381569,0.7476120986178395,1.0836838000795186,12,12
A2,0.03966926788920066,0.22557087886744867,-0.5277478412436332,-0.3432164091406556,-0.1233434678480619,-0.0010376048511238,0.1570443696946705,0.7411735705133308,1.0660666644268673,12,12
B1,4.532590135284993e-05,0.002848558189252286,-0.0094164748960112,-0.007096437451212096,-0.0016511518255715,7.234664755458575e-05,0.0018899324877465,0.007000580790470973,0.0125444142903589,12,12
B2,0.0005439108162342244,0.03418269827102783,-0.1129976987521354,-0.08515724941454526,-0.0198138219068589,0.000868159770655,0.0226791898529582,0.08400696948565223,0.150532971484307,12,12
C1,0.08723607370459574,0.04628231605093942,0.0235182838599164,0.030162082900805912,0.060152249572344,0.0767470034986009,0.101085446927773,0.2800625839012954,0.3915596715308003,12,12
C2,-0.0018591493711212553,0.023378528164699267,-0.1350366495738879,-0.08182178468123767,-0.0133073893249333,0.000212179223278,0.0129502634991125,0.044271045378952864,0.0649034887611424,12,12
C3,-0.0012294571017200245,0.01946889713878104,-0.1388756215854696,-0.05766376152146273,-0.0116260629922088,-0.0005558215596059,0.0105959705054373,0.04191999481911593,0.0684450113642545,12,12
C4,0.003395581178105079,0.035182768779189875,-0.0917989249741656,-0.058578887245061814,-0.018197359992785,-0.0012640802315293,0.0178094071542075,0.1354693725668904,0.2373360533300958,12,12
C5,-0.0007013870984480071,0.03123972261491398,-0.1043633590985156,-0.07519166255720108,-0.0205465805408808,-0.0015101799771427,0.0171138836510037,0.085931279029794,0.1853508600728907,12,12
D1,0.028394644458390093,0.012814970210796315,0.004327007005353,0.010356100251580585,0.0194885504428093,0.0260459526764652,0.0339867915076113,0.07435879541586629,0.0929473365918986,12,12
D2,0.021835748792270526,0.05500904350968587,0.0,0.0,0.0,0.0,0.0,0.2608695652173913,0.4347826086956521,0,7
