row,feature,H,p_value,eta2
2,B1,667.9603353454554,1.8587468236540673e-144,0.5931849557051342
3,B2,667.9603353454554,1.8587468236540673e-144,0.5931849557051342
1,A2,542.8873538352173,2.418809491966647e-117,0.48161226925532313
0,A1,491.5103615241637,3.2996540354872157e-106,0.4357808755790934
9,D1,262.9618718788706,1.0282145116171136e-56,0.231901759035567
4,C1,192.37194056726548,1.8759230767595584e-41,0.168931258311566
6,C3,188.22920454623454,1.4727203375882115e-40,0.165235686481922
5,C2,180.17173576960795,8.098018531319282e-39,0.1580479355661088
7,C4,142.94191574559682,8.771709502905672e-31,0.12483667773915862
8,C5,46.10774800813624,5.380058185687686e-10,0.03845472614463536
10,D2,23.376534178151115,3.370473154147086e-05,0.018177104530018834
