mo,reason
Агаповский муниципальный район,разрыв длиной 11 мес (> 2)
Адыге-Хабльский муниципальный район,разрыв длиной 3 мес (> 2)
Аллаиховский муниципальный район,разрыв длиной 3 мес (> 2)
Батецкий муниципальный район,разрыв длиной 13 мес (> 2)
Большеигнатовский муниципальный район,разрыв длиной 4 мес (> 2)
Бузулукский муниципальный район,разрыв длиной 10 мес (> 2)
Великолукский муниципальный район,разрыв длиной 5 мес (> 2)
Володарский муниципальный район,разрыв длиной 4 мес (> 2)
Дмитровский муниципальный район,разрыв длиной 5 мес (> 2)
Камышинский муниципальный район,разрыв длиной 20 мес (> 2)
Кетченеровский муниципальный район,разрыв длиной 3 мес (> 2)
Кирсановский муниципальный округ,разрыв длиной 5 мес (> 2)
Ковровский муниципальный район,разрыв длиной 20 мес (> 2)
Корсаковский муниципальный район,разрыв длиной 3 мес (> 2)
Куюргазинский муниципальный район,разрыв длиной 7 мес (> 2)
Ленинск-Кузнецкий муниципальный округ,разрыв длиной 6 мес (> 2)
Ливенский муниципальный район,разрыв длиной 9 мес (> 2)
Липецкий муниципальный район,разрыв длиной 14 мес (> 2)
Моршанский муниципальный округ,разрыв длиной 6 мес (> 2)
Мценский муниципальный район,разрыв длиной 14 мес (> 2)
Назаровский муниципальный район,разрыв длиной 5 мес (> 2)
Новокузнецкий муниципальный округ,разрыв длиной 5 мес (> 2)
Новомалыклинский муниципальный район,разрыв длиной 14 мес (> 2)
Оренбургский муниципальный район,разрыв длиной 14 мес (> 2)
Пенжинский муниципальный район,разрыв длиной 9 мес (> 2)
Тобольский муниципальный район,разрыв длиной 7 мес (> 2)
Фроловский муниципальный район,разрыв длиной 6 мес (> 2)
Цильнинский муниципальный район,разрыв длиной 3 мес (> 2)
Черноземельский муниципальный район,разрыв длиной 6 мес (> 2)
Шадринский муниципальный округ,разрыв длиной 8 мес (> 2)
Шарыповский муниципальный округ,разрыв длиной 3 мес (> 2)
Шемышейский муниципальный район,разрыв длиной 4 мес (> 2)
Шумерлинский муниципальный округ,разрыв длиной 4 мес (> 2)
Эвено-Бытантайский национальный муниципальный район,разрыв длиной 3 мес (> 2)
Эльбрусский муниципальный район,разрыв длиной 3 мес (> 2)
городской округ Верх-Нейвинский,разрыв длиной 6 мес (> 2)
городской округ Верхнее Дуброво,разрыв длиной 6 мес (> 2)
