mo,A1,A2,B1,B2,C1,C2,C3,C4,C5,D1,D2
МО_0000,0.15150668761547637,0.12870968413836645,-0.028377937942127514,-0.028377937942129536,-0.20285140417365666,-0.164945343975996,0.0980578137723761,0.13706086368563025,-0.16746924751236644,-0.7897521372168854,0.0
МО_0001,-0.9358740137671017,-0.8882693837156294,-0.47940187898781894,-0.47940187898781783,0.05332292666218472,-0.28485207216424246,-0.2205545548939027,0.3207091263665584,-0.1312520227770206,0.6552397246927085,1.7677669529663687
МО_0002,-0.5729579948922369,-0.5146826798192365,-0.05237870727839992,-0.05237870727839727,0.5190225800606791,0.3641642158185822,-0.7147751278379286,-0.33305802430168685,0.6201949519003697,0.33612260046149567,0.0
МО_0003,0.027875120703427327,0.08833393837632761,0.5292987651713182,0.5292987651713222,-0.07695197767701412,0.1687473845195972,0.0839723332074371,-0.18724243443625593,0.18224225094729385,-0.3927726072841235,0.7071067811865475
МО_0004,0.0221404993616486,0.09257697293981597,0.6046577788357539,0.6046577788357553,-0.09712571999376221,0.1831749844806404,0.08668845514814552,-0.20801435138927532,0.1569538409956135,-0.1432224899634337,0.0
МО_0005,-0.9200108177992391,-0.8753139494129021,-0.4880414139530179,-0.4880414139530114,0.078753318309826,-0.2645664089663433,-0.22063795724987365,0.18300006433163093,-0.2899637955464904,0.2633099786034948,0.7071067811865475
МО_0006,0.15666027388063228,0.14629261316797038,0.07704172181741141,0.07704172181741305,-0.14776149013246817,-0.21245987841764155,0.12852717124631421,0.15493686356990657,-0.3196334252466512,-0.6598129879881522,0.35355339059327373
МО_0007,-0.5512450023601185,-0.4863268561259265,0.02175925633557719,0.02175925633557381,0.3149092580753983,0.3812872396819931,-0.6282502946837765,-0.3905963938382537,0.8040615143151688,0.29566561638899463,0.0
МО_0008,0.14888966097837092,0.14466074457691663,0.11942391604548333,0.11942391604548462,-0.18601701825707637,-0.1922836014163751,0.14996460163170366,0.1622614898653979,-0.2390293330121744,-0.12417099553045073,0.0
МО_0009,0.14900061934541442,0.13734977937704781,0.05946766108038855,0.05946766108038833,-0.2142996240945486,-0.14578405729833402,0.07997694614070372,0.11675374937117156,-0.16140724124065492,-0.4332344933783861,0.0
МО_0010,-0.5600353519867001,-0.48605804898916916,0.08681705977864627,0.08681705977864783,0.4778140642829952,0.42004665652407946,-0.7009797746049106,-0.40553800071164026,0.8241110706853448,-0.05359775815995027,0.0
МО_0011,-0.9453958798791333,-0.8740400609151469,-0.2961384638868297,-0.29613846388682913,-0.0028546149415390244,-0.3056018195560609,-0.14843428375224652,0.29957475051891597,-0.3248394526567548,-0.08208617754935482,0.0
МО_0012,-0.5587130932154508,-0.5164691125040916,-0.16873720392532413,-0.16873720392532257,0.4103017288258245,0.445068389358316,-0.6400844526487487,-0.3967359904427454,0.8461954855844376,0.7521155419293241,0.7071067811865475
МО_0013,-0.9389789419236624,-0.863591283821337,-0.2574879801741432,-0.25748798017414287,0.08269856782858566,-0.3889285384101369,-0.2217731745093822,0.31762022096841186,-0.25550236354130323,1.0177552330095665,0.0
МО_0014,-0.5741118273861797,-0.5340337143668898,-0.200718991707679,-0.20071899170767568,0.40105058833609747,0.37435599021347327,-0.7286027094249775,-0.3695048421441556,0.9177565828363624,-0.7427284735992847,0.7071067811865475
МО_0015,-0.9423010196649341,-0.8899571919143264,-0.4470839751164611,-0.4470839751164573,0.058312106364903644,-0.29381826037557135,-0.1671546195451795,0.26525515987709136,-0.1840173730262045,-0.008165208725812858,0.0
МО_0016,-0.5729456132240346,-0.5214899590944395,-0.10755380890145612,-0.10755380890145796,0.43071003756984266,0.41448099588573933,-0.6447260594167378,-0.407843644263686,0.9245996052952161,-0.37762841353149595,0.0
МО_0017,0.1510413077575007,0.13484321280255968,0.024585535610132308,0.024585535610130903,-0.1725350097342888,-0.20960554291321207,0.1080258731915659,0.1625382109166143,-0.1978203507734344,-0.3980446754094712,0.0
МО_0018,-0.9390336232689155,-0.8825526626908745,-0.4105379290144407,-0.4105379290144352,0.19605646567653173,-0.3856113699381948,-0.3090911909587648,0.2437352991861814,-0.34702360169057167,0.06119437207033815,0.0
МО_0019,0.010051291247473776,0.06352416240146902,0.45603500545021314,0.4560350054502147,-0.06305958867152937,0.1258761045546877,0.07293758814863603,-0.15718948956735376,0.03126876236971988,0.16234374740153873,0.0
МО_0020,-0.5549368232020935,-0.5118505283209335,-0.15837612558918615,-0.15837612558918468,0.4760689141669341,0.30836152748211126,-0.7238191020116248,-0.2888752425505549,0.5940430754574061,0.3396109226779874,0.0
МО_0021,0.006980131230945347,0.08022550073209057,0.6131570141766872,0.6131570141766907,-0.11015789630503729,0.12858146573607154,0.09056301800429221,-0.1142362363601705,0.10257294134403322,-0.14806384755509575,0.0
МО_0022,0.15090627075607282,0.14233884114173964,0.08620838823503894,0.08620838823503801,-0.18371643072477178,-0.18689507624478016,0.1378645197889245,0.18436175661827756,-0.23763960533641232,-0.15018637026481707,0.0
МО_0023,-0.9199599682554155,-0.8541171077901054,-0.31687402459397224,-0.31687402459396796,0.08155327082335112,-0.39630880618148445,-0.19407543562905735,0.313515923298518,-0.21227127578001298,0.9443089839011513,0.7071067811865475
МО_0024,-0.9239002565243695,-0.8823878317785321,-0.5174619330554558,-0.5174619330554531,0.23595124792317215,-0.44452907492425037,-0.21204894297286028,0.4121333533239552,-0.13364721520731768,0.07361642878795335,0.7071067811865475
МО_0025,-0.5684355171494324,-0.5093664270080955,-0.04170994929463717,-0.04170994929463905,0.408775509691027,0.3402213453329232,-0.6751107804181895,-0.3363904857032957,0.5930251623541769,0.3496646724941036,0.0
МО_0026,0.009750396219599692,0.08311232607184013,0.6167007300312719,0.6167007300312728,-0.06523901150632057,0.16599181140830363,0.12881241846896968,-0.13068950877325977,0.19177386692858728,0.29594412015265853,0.0
МО_0027,-0.9152595396731001,-0.8962902362017938,-0.653730081352108,-0.6537300813521045,0.1899190401760801,-0.3942826067946121,-0.27657253414302974,0.2998027549928825,-0.16370820771705172,0.6058756762264227,1.414213562373095
МО_0028,-0.5846912389149573,-0.5366982267749155,-0.14660027129259448,-0.1466002712925941,0.41792111377713603,0.3245652349616909,-0.7030573597634693,-0.3000188013219563,0.8185965892642723,-0.3056857247749443,2.121320343559643
МО_0029,0.01145468474273426,0.08751945662464748,0.6401727638187609,0.6401727638187591,-0.037131454324073665,0.12077534133186739,0.06755706890855648,-0.09348982327193965,-0.01138482106353017,-0.025440029985894206,0.0
МО_0030,0.033421342531350526,0.10217557875209662,0.601634051646432,0.6016340516464336,-0.14934625526672352,0.12082968764276827,0.10405688743465943,-0.12878581968540512,0.09487920282434939,0.6797790190032345,0.0
МО_0031,0.15362730355739623,0.12891913637488978,-0.041853000078468476,-0.04185300007846644,-0.14048931145193347,-0.20609954579256526,0.06427109064395531,0.19303384544560043,-0.13250517930483374,0.30400586313770944,0.0
МО_0032,0.151186353200304,0.13391578496884723,0.01604291849484638,0.01604291849484404,-0.15951488150431242,-0.17205558333279306,0.13607286901162519,0.15207308685189477,-0.2724841989196112,-0.4385003794592392,0.0
МО_0033,-0.5485884834858298,-0.5042595232868141,-0.14236085972698856,-0.14236085972698811,0.48194266490483983,0.4175649689861631,-0.7317654885501387,-0.414034447101809,0.8166062391385424,-0.48158609726672047,2.121320343559643
МО_0034,-0.9490053248822852,-0.8915111035493862,-0.4116988554577263,-0.4116988554577242,-0.01359719269373746,-0.2500255543199657,-0.1652759036342191,0.264857301046268,-0.053174130064299066,0.012164551396704606,0.0
МО_0035,0.15794640626915876,0.13942391546929933,0.012257716678942154,0.012257716678939844,-0.20152859255111535,-0.1672609149854042,0.10613681270101517,0.16291679966623598,-0.10577094400809982,-0.17010587447682285,0.0
МО_0036,-0.9261359720867037,-0.8779582603138402,-0.4656231363365452,-0.4656231363365418,0.003335847138896157,-0.28190933731480644,-0.261352038550028,0.24700962864164552,0.08831593427924261,1.3985312427170975,0.0
МО_0037,-0.9203530037593244,-0.8478498070143896,-0.2633455490082232,-0.2633455490082209,0.009741116206019737,-0.3515877875666946,-0.2086578009997552,0.360312289757078,-0.22306038547064017,0.3097850490594999,1.414213562373095
МО_0038,0.021816696223862706,0.08607191142867715,0.5543332406963091,0.5543332406963128,-0.09373730218337217,0.14561492154176361,0.07747867875374012,-0.14416107746401574,0.07041491368971324,0.13903769985638062,0.0
МО_0039,-0.5663334544061861,-0.5133848058049718,-0.0892651555129098,-0.08926515551290734,0.5255278185197346,0.4194971541877564,-0.7489504376024748,-0.3404905712232944,0.8023573838528939,-0.09797215351520232,0.0
МО_0040,0.1474674515088105,0.13115920573239195,0.020339348602651477,0.020339348602649597,-0.14435709150788764,-0.22319704097802565,0.1735657822423654,0.21940537085744435,-0.2588427635266166,-0.3530147125493271,0.7071067811865475
МО_0041,-0.9312772797057359,-0.8564673041587145,-0.25493313358093983,-0.25493313358093944,0.16764316425327586,-0.44284417512680785,-0.2280575416752918,0.3389552775208151,-0.44309876119945946,-0.7583924258609793,0.0
МО_0042,-0.5854473742987398,-0.5411107405526268,-0.17689856428446574,-0.17689856428446754,0.5329895151427587,0.445068389358316,-0.7489504376024748,-0.4652538204163124,0.9235998068023584,0.5801385008356489,0.0
МО_0043,0.029221827471091276,0.10285919492815984,0.6372076759321623,0.6372076759321653,-0.10245187422361396,0.12754606866400908,0.12036398537585506,-0.13749585017304444,0.05880979398757824,-0.02028688250976087,0.0
МО_0044,0.15572414934066323,0.14636868825502292,0.08435399295349429,0.08435399295349634,-0.15478424258791565,-0.18626284610453891,0.13890666311001904,0.1662282028698527,-0.23186662244535444,-0.04222686104585845,0.0
МО_0045,-0.9353191845536681,-0.8946147684352178,-0.5347196385437569,-0.5347196385437515,0.15603097636804925,-0.4311046545647359,-0.27558258633004573,0.4357909923518867,-0.5214914237203634,-0.4988766496488589,0.0
МО_0046,0.00893233175220882,0.08518535005346735,0.6393283524119474,0.6393283524119451,-0.11930630523289139,0.1538226814730348,0.03825139295424752,-0.17387924925836423,-0.013562274334903682,-0.37246692142942917,0.0
МО_0047,-0.9333517944662515,-0.8644611814049558,-0.3047817424312056,-0.30478174243120537,0.12189958384135621,-0.44452907492425037,-0.245286144804638,0.38361017787622065,-0.09559846719623255,0.42494602262910125,0.7071067811865475
МО_0048,-0.5623085969318451,-0.5097958771280502,-0.0890146479171557,-0.08901464791715426,0.39316645731651073,0.3869946245709687,-0.682696889088927,-0.3577063794093047,0.7660927481752908,0.5030186983403674,0.0
МО_0049,-0.9387348021552805,-0.8956858357441787,-0.5189531139802955,-0.5189531139802933,0.03720171005576857,-0.27790269175361415,-0.2699096375138827,0.25177024832666656,-0.18489121339941816,0.7280787814071528,0.0
МО_0050,-0.9262931897618908,-0.8714876822867776,-0.41213662427852393,-0.41213662427852094,0.051758303844011255,-0.38424543066140526,-0.26303837653516043,0.39362630311923835,-0.09919104100027258,1.1419673365070098,0.0
МО_0051,0.15682509236936557,0.132166631935361,-0.03844896266437391,-0.03844896266437337,-0.15482073035997101,-0.1790862837129999,0.1427283480166486,0.11295506824845161,-0.3574691642970944,-0.5651636995266999,0.0
МО_0052,0.0367090483473713,0.1057989305285671,0.6074364001683599,0.6074364001683623,-0.19589990129594514,0.08953086687635524,0.05194993994600326,-0.12891260537864085,-0.03370975146829863,-0.035220617463308394,0.7071067811865475
МО_0053,0.016498416869412523,0.09732768520200073,0.6834630866462685,0.6834630866462703,-0.11353678622447273,0.16861505724196063,0.10562145967666378,-0.1843404397177339,-0.10355367204280388,-0.21284650918729162,0.7071067811865475
МО_0054,0.014560914120678246,0.08890788659326114,0.6291876680386763,0.6291876680386791,0.004020469697364533,0.170330377729272,0.1022114736670976,-0.16308037121323574,0.03564028615240723,-0.19080820793129222,0.0
МО_0055,0.1467444609769285,0.14074210625520245,0.10305900554923916,0.10305900554924008,-0.12378003386365331,-0.200523510971793,0.15166230691746804,0.1741193933215366,-0.38108726971879375,-0.1049568109231828,0.0
МО_0056,-0.5755346663394745,-0.5395718806729647,-0.23535707731811523,-0.23535707731811314,0.4992526909442297,0.3735265086971559,-0.7468546348796844,-0.3145132876112205,0.8382888167224136,-0.10109203799849314,0.0
МО_0057,0.14658616000870472,0.13509834674410734,0.058520445062910965,0.05852044506291225,-0.18185388533958913,-0.15809934859599317,0.12190044871832097,0.14986335086879787,-0.2838928243466757,-0.34154841682593934,0.0
МО_0058,-0.5761476964186757,-0.49611092101144766,0.12072729725978697,0.12072729725978676,0.3549037484095756,0.40109445587641485,-0.6428306321937831,-0.34764067171888063,0.7231708947377157,-0.26067658166212715,0.0
МО_0059,-0.5534519015893975,-0.4949648939659086,-0.032355067707517185,-0.03235506770751669,0.4538726193860415,0.3720851887777061,-0.6983650723001773,-0.3349967394478952,0.6155534805084071,0.2699659800523206,0.35355339059327373
МО_0060,-0.9495860665714987,-0.8940435286886262,-0.42803760623759574,-0.42803760623759557,0.09969060407991841,-0.4257615984634809,-0.25619877391076407,0.36793727302741114,-0.10706274736665303,0.015879051295029693,0.0
МО_0061,-0.5670317780184031,-0.5190473338424028,-0.13009249720203384,-0.13009249720203453,0.5054794466593665,0.34575340630642815,-0.7465743845651244,-0.3421241964033675,0.7138419074668156,0.42656367993569116,0.0
МО_0062,0.00739156133919746,0.0695149887838004,0.5235411650262978,0.5235411650262962,-0.09305083575378587,0.09891207171584071,0.03384469710345762,-0.050627086024592614,0.17017071112108179,-0.1352485173000702,0.7071067811865475
МО_0063,-0.9429323610212121,-0.8863572915325756,-0.413436154970152,-0.413436154970151,0.19361301761635816,-0.3692540552782751,-0.2500072003860572,0.3119668820991567,-0.1426168978914875,0.6513352678447274,0.0
МО_0064,0.013970452863253751,0.08692262607058122,0.6173462658370329,0.6173462658370347,-0.11340043417223056,0.1592520892345765,0.11535187608747746,-0.19944088487854233,0.13786183195504867,-0.31931409511048053,0.0
МО_0065,0.02004793482818536,0.08404651883425648,0.5505961511022762,0.5505961511022762,-0.10993541827619535,0.06072712342482774,0.061291854467653145,-0.014029161403589435,0.15720540677321895,0.22756671782255292,0.0
МО_0066,-0.9463895341277887,-0.9011610570903641,-0.5085014375836225,-0.5085014375836189,0.13839882318922464,-0.30757749243916216,-0.24209832487152916,0.41731015142283184,0.0007749824468082076,0.5112947755568243,0.7071067811865475
МО_0067,0.013191047285105898,0.07754355857679958,0.5470236085722469,0.5470236085722463,-0.19521406027752006,0.11818667276601247,0.07562251141857369,-0.15667758207841362,0.22199037561127008,-0.546953709123359,1.414213562373095
МО_0068,0.1547200543965031,0.1331050981249927,-0.0157960416167428,-0.015796041616743924,-0.1602928390592226,-0.20507849724705243,0.14724131621284228,0.1539893328022245,-0.27575034822741173,-0.39434771024031384,0.0
МО_0069,0.024795433537330675,0.09354853561456941,0.5935276487100273,0.5935276487100278,-0.09850575902239152,0.12569050925925906,0.07964883639631762,-0.12954279008529643,0.14907396077817986,-0.2501657999362824,0.0
МО_0070,-0.9562455758056464,-0.9190177347669044,-0.5824969260381988,-0.5824969260381925,0.22044651719977207,-0.39183455416883517,-0.37364786005360645,0.36916460993262107,-0.11486369241568822,0.1634511130101107,0.0
МО_0071,0.14702185109464722,0.1318850789029329,0.029400971762763153,0.029400971762762705,-0.19242874252367043,-0.19302327970785713,0.12694584434636236,0.15613176168391674,-0.2149707446967822,-0.19722780433390139,0.0
МО_0072,0.006224569029533764,0.07199506659345589,0.551958873923262,0.5519588739232633,-0.1304112820897264,0.13233437333853415,0.09730014657830334,-0.11074153863568746,0.1885559655035212,-0.8924416999872096,0.0
МО_0073,0.14185775787688498,0.13336683954282888,0.07833361275955741,0.07833361275955954,-0.16078811195820167,-0.21190311342846221,0.11399111500848262,0.1890107551554503,-0.2192166376507444,-0.10796491434145782,0.0
МО_0074,-0.57215495093217,-0.5213857169408925,-0.11236632236765941,-0.11236632236766167,0.3541710263195472,0.3641023847772597,-0.6658704924221763,-0.3344740676621756,0.6609237117765293,0.20513334960838278,0.7071067811865475
МО_0075,0.03162912423809608,0.09473282076997877,0.554225831266014,0.5542258312660172,-0.047254780760929066,0.1520551842839156,0.06757127937636737,-0.16198950310435772,0.03455370621853029,-0.20772999362858544,0.0
МО_0076,0.019893682444831688,0.08857585430873753,0.5883523386542854,0.5883523386542879,-0.057006620174870556,0.13662371538718818,0.09400822148696639,-0.1656663052227138,0.06578715499566169,0.08931371622764679,0.0
МО_0077,0.15568925753666626,0.1414744937130328,0.04499831683838125,0.04499831683838165,-0.16517491222771083,-0.17306767477836585,0.1812678413646169,0.10030511169739298,-0.2164316800129799,0.11425197035899146,0.7071067811865475
МО_0078,-0.5776751361347972,-0.5227037589619581,-0.08354318191148818,-0.0835431819114907,0.380267539006751,0.3670410335580922,-0.6850529036105077,-0.3196709067112192,0.7898734971524751,1.0043290489577363,0.0
МО_0079,-0.5672478196119979,-0.5227298331493055,-0.15834690424539502,-0.15834690424539355,0.40411001559515947,0.3146316915428333,-0.7264096750281221,-0.3110227192597108,0.7047027658371756,-0.46380465452406033,0.0
МО_0081,0.024853794983296387,0.08461196295593444,0.5207927514408046,0.5207927514408082,-0.17311246999940091,0.11323867629422346,0.07769853725455213,-0.17400269225653675,0.01814805925542925,-0.06488162352468081,0.0
МО_0082,0.1576879293223213,0.14053557300868352,0.02310261756114351,0.02310261756114356,-0.15453391362884275,-0.23921938063799833,0.09854833216358806,0.20009670201173196,-0.2509192965758628,-0.02765997911371401,0.0
МО_0083,-0.9532579530997135,-0.8940563905131822,-0.401874525982837,-0.4018745259828345,0.20769832564536359,-0.44448926832324165,-0.312502204314109,0.3764047943197067,-0.1412382557867053,1.4555722572110106,0.0
МО_0084,-0.5590681215468896,-0.5166442150622377,-0.16761445962658825,-0.1676144596265901,0.472486375012972,0.32483501946482585,-0.7447441448286409,-0.3122660535554636,0.7434783302403858,0.691083738237061,0.0
МО_0085,-0.5835681766001986,-0.5305786083107172,-0.10511242345730018,-0.10511242345730006,0.5192741429512168,0.3570391919475532,-0.7115956311238747,-0.3278384122344586,0.5365257594264262,-0.46848742561974177,0.0
МО_0086,0.1512766410481144,0.1330377459335162,0.008291683476479546,0.008291683476478753,-0.1672703134737209,-0.17738913592646355,0.12776229326598804,0.1482064977239211,-0.11409044233605968,-0.6159561881210588,0.0
МО_0087,0.12203949719772501,0.10055343275577988,-0.04543056916808593,-0.04543056916808431,0.5330102478643162,-0.3529984768659476,-0.22955382998200166,0.45374029786820513,-0.10286977118342479,6.263052465284279,1.414213562373095
МО_0088,-0.9173332952373703,-0.8635119583130983,-0.4116900844602899,-0.41169008446028704,0.14265590138691714,-0.44452907492425037,-0.235816648451821,0.3538011728052865,-0.15769948437904235,0.8417489986033037,1.060660171779821
МО_0089,-0.9261293162463541,-0.8723478731557018,-0.42026982814728464,-0.4202698281472826,-0.018965699059517123,-0.22124736734809095,-0.29360483498222484,0.23017512853945998,-0.0363404120472507,0.9928521719273079,1.7677669529663687
МО_0090,0.033764980157872444,0.10308330163439618,0.6065213732862731,0.6065213732862724,-0.0770887068783629,0.20827381407556417,0.08608602025199921,-0.2367543181925415,0.0818465085323931,0.13148945249495303,0.0
МО_0091,-0.9639901699978721,-0.9094262258214068,-0.44947795024656917,-0.44947795024656734,0.2008912235910988,-0.3609932435154395,-0.23582208494558776,0.3829862787745766,-0.14602579799606258,-0.025493457997125348,0.0
МО_0092,-0.966915654609436,-0.9098930998011884,-0.4323283228691969,-0.4323283228691928,0.03251492150968333,-0.3763973184331134,-0.1564090963191458,0.2942194634487177,-0.14583287377674423,-0.37517545779690425,0.0
МО_0093,0.034212125952816204,0.09661020411143247,0.5509404465136354,0.5509404465136353,-0.019231751047182697,0.15250083508313955,0.08110484982432993,-0.16078703843610556,0.21833611062046593,-0.16580120299831888,0.0
МО_0094,-0.9592698788404356,-0.9201063625947946,-0.5839210795887957,-0.5839210795887904,0.18959540874057798,-0.36734260378294825,-0.35025831618974546,0.2738997060385433,-0.0925714433878113,-0.06881458368216264,0.0
МО_0095,0.024040289586222605,0.09546591748351091,0.6144456614037528,0.6144456614037517,-0.13441659265517192,0.14317416811473546,0.07768751607844128,-0.15946282612959384,-0.020024022667620572,-0.5869628848182573,1.060660171779821
МО_0096,0.16517709177914652,0.15122843482632242,0.03269689535045282,0.03269689535045331,-0.1983034811853608,-0.17060356350337122,0.10637778029986941,0.18813073293453572,-0.18111056247086754,-0.1459666915248509,0.7071067811865475
МО_0097,-0.5572300200919104,-0.5012624519218438,-0.05628967778476692,-0.05628967778476574,0.4314443663017637,0.385206293260086,-0.6961773015655814,-0.39910812370217186,0.6763562852830117,0.39697407293856174,0.0
МО_0098,-0.5624770822247782,-0.4903628545557767,0.06944842412255631,0.06944842412255406,0.33713646896696314,0.3043099776519012,-0.6518423753817673,-0.30304360593582663,0.43064131620599716,0.09714136897345005,0.7071067811865475
МО_0099,0.16517709177914652,0.1516829976049008,0.07265723935364482,0.07265723935364649,-0.15648606948109522,-0.21432979218207246,0.13770832782363002,0.18638819755981403,-0.28782049272501187,0.0016151604195268783,0.0
МО_0100,-0.9407473721894625,-0.8992428275910086,-0.5333402537438536,-0.5333402537438516,0.02470641926865723,-0.2779623207188311,-0.2522195325080945,0.3279778828422589,-0.010169463013531789,0.410180633164443,1.414213562373095
МО_0101,0.15704392701920394,0.14560247814755023,0.06871244765903756,0.06871244765903631,-0.18495980814695934,-0.19872182582076883,0.122392322295166,0.14828568645897902,-0.26455419817201303,-0.050206397161256175,1.060660171779821
МО_0102,-0.9405407121482869,-0.9098439823784386,-0.6206063116132297,-0.6206063116132255,0.21907862340478398,-0.3642497407025656,-0.33763280642961746,0.30031901076161516,0.08254759910799149,0.1252716589557682,0.0
МО_0103,0.154528438197464,0.14161362185717166,0.05442820599465465,0.05442820599465349,-0.16592922848833405,-0.20265027912107894,0.12511863706620818,0.17191215620641995,-0.2155526570473566,-0.45047734403936035,0.7071067811865475
МО_0104,-0.9458141850669206,-0.8881046133950327,-0.40696062232768393,-0.40696062232768104,0.12769452147920812,-0.36868484334949636,-0.2809233049751163,0.330242520544585,-0.13257909777464855,0.8058479297978601,1.060660171779821
МО_0105,-0.9453752120875053,-0.9047284933448737,-0.5446262342329315,-0.5446262342329286,0.08176035870464653,-0.35716658019997727,-0.3024798771168459,0.3651707467461975,-0.011588210187055572,0.28864071908326355,0.0
МО_0106,-0.9302625015962167,-0.8807792733248737,-0.4589321221868266,-0.4589321221868238,0.1523198681872407,-0.33271435633143687,-0.2317852076044393,0.273589668179061,-0.020318078104861723,0.6767196920446292,0.0
МО_0107,-0.5571789433008213,-0.4966498832045997,-0.019328782317759887,-0.01932878231776192,0.4688441836858631,0.40144721344725937,-0.7006293147847307,-0.32258928268706905,0.6815428525263566,-0.22922419296026217,0.0
МО_0108,0.02705236765109857,0.09378876229602158,0.5793264585491034,0.579326458549104,-0.09085094184973691,0.17141236788643494,0.10170351995007153,-0.19461149084022697,0.05329840642256214,-0.25155002627988743,0.0
МО_0109,-0.5655697296204729,-0.49358658227466395,0.06548458481826436,0.06548458481826214,0.3785675630292946,0.41382380478812203,-0.7154294644880383,-0.4256083924397576,0.9114470082313136,-0.5662782016943797,0.0
МО_0110,0.03319602356960769,0.09744108459788135,0.5649329559173837,0.5649329559173865,-0.14216666695208593,0.1602288072426677,0.03190016499833177,-0.15690130852132533,0.13959751690574262,0.1670925603449238,0.0
МО_0111,-0.9596152058511276,-0.917841603249526,-0.5488743763013487,-0.5488743763013447,-0.04824299655764079,-0.2640071590635584,-0.24117027072967917,0.20931089266425595,-0.2165339189527525,1.155795048459957,0.0
МО_0112,-0.5681970926495535,-0.5280090721636714,-0.19427736847644783,-0.1942773684764485,0.3865864354646973,0.3064278064308387,-0.6960805777345382,-0.31413692949394045,0.6341039616573309,0.08741516297256623,0.0
МО_0113,0.027554005283016617,0.09849100220558178,0.6137898735238286,0.6137898735238325,-0.02161243604927901,0.18303289585062663,0.13508055935966734,-0.18188157341840816,-0.012127911856528218,0.13540054559709833,0.0
МО_0114,-0.5577704980316291,-0.4894789740472663,0.04293208569261114,0.04293208569261056,0.36479860205731746,0.3593665387190449,-0.6530449832190937,-0.3095195906576041,0.8470727251714619,0.8206681776140645,0.0
МО_0115,-0.5743921268012792,-0.5074097313485146,0.016735342861323946,0.016735342861322597,0.49554419152301116,0.32420142608679053,-0.7489504376024748,-0.312563122169016,0.6618512000588658,0.22318762310473647,0.7071067811865475
МО_0116,0.1651664482620421,0.1516829976049008,0.09361583657587981,0.09361583657587882,-0.12578828554070667,-0.21586953283921168,0.16152197885382005,0.23299195022965596,-0.21102370506617307,-0.3148155458621301,0.0
МО_0117,0.15826529870331296,0.14223739707156668,0.03274402152548752,0.03274402152548506,-0.15722597673680053,-0.1578664619273235,0.15347925804807042,0.12472293203547748,-0.15779926024200266,-0.3760133218772161,1.060660171779821
МО_0118,0.15294125132341826,0.14049181147007844,0.05670426308596737,0.056704263085965205,-0.18849904587045638,-0.179755205743565,0.13457868729775052,0.15867365300753195,-0.2360653425717749,-0.29522667006185366,0.0
МО_0119,0.16026101752766148,0.1493613708131428,0.0761167861525854,0.07611678615258702,-0.1292458104773175,-0.18447626224203398,0.16988690664353534,0.12271339194884041,-0.311396235903096,-0.4164194775309465,0.0
МО_0120,0.016729867495622785,0.08737525493026603,0.6012693588566813,0.6012693588566853,-0.07370466005714273,0.15843715836622493,0.08371201041435866,-0.19262226627110185,-0.009613810417777605,-0.024548845315552553,0.0
МО_0121,-0.5493853015337842,-0.5002546281815119,-0.10425194982762857,-0.10425194982762799,0.42645152359580746,0.3264497553157576,-0.7099981244693153,-0.33425742856842816,0.6736678365891681,-0.5978314604885987,0.0
МО_0122,-0.4518384174224954,-0.4896439284002306,-0.653730081352108,-0.6537300813521045,0.5330102478643162,0.2991622529851712,-0.40969319973168805,-0.4652538204163124,0.8841899298735714,6.263052465284279,1.414213562373095
МО_0123,0.026653505771160567,0.08899589179641383,0.5433944185418673,0.5433944185418668,-0.153830786493443,0.13371496804186433,0.07785297101775328,-0.14030246396150675,0.10130048422723277,0.36972642717683657,0.0
МО_0124,-0.9549972730283217,-0.9124005250587188,-0.5378783405015498,-0.5378783405015454,0.1147618724729683,-0.4163234654156412,-0.2797781510553485,0.4185529467048835,-0.17591002802228434,0.6279013341777907,0.0
МО_0125,-0.56770310004216,-0.5044374686198986,-0.00706276216313931,-0.007062762163137545,0.38499962862485554,0.34193544077406895,-0.67822599925494,-0.34575698479155914,0.7080339843767175,0.06471095508591634,0.0
МО_0126,0.15871561201954898,0.14179093036024096,0.0259097243666503,0.02590972436665231,-0.1705518244480545,-0.20771661091581042,0.14476971172890957,0.2033589757178456,-0.23483156263129656,-0.006604536280090819,0.0
МО_0127,-0.9373072220150607,-0.8862009243060931,-0.4524107095565003,-0.4524107095564999,0.21385786873401194,-0.3602184702433695,-0.24437374583830285,0.393005471583973,-0.22757618011710384,0.012873746624295669,0.0
МО_0128,-0.5741706868922432,-0.5192631117065842,-0.08076982579781695,-0.08076982579781658,0.488945179637501,0.3578019510087541,-0.7488666080286981,-0.3100749908646836,0.7881045734434843,0.43300911874929915,0.0
МО_0129,-0.5494167803545781,-0.48104100574728004,0.05145558324760272,0.05145558324760013,0.32260205798334174,0.2883630728308189,-0.6360797155809448,-0.2816396061621018,0.5900000752374216,0.05141500033892044,0.7071067811865475
МО_0130,-0.5638915440622916,-0.5136215405704756,-0.10864930321107516,-0.10864930321107405,0.3313176140926338,0.33979534393262073,-0.6340734745801095,-0.38329744956397555,0.6695370587349019,0.08452684274641739,0.0
МО_0131,-0.5774579293169717,-0.5265620934796292,-0.11631978023792688,-0.11631978023792475,0.34309147450443145,0.3489916364791025,-0.6851034478813367,-0.34357731442830347,0.7055569911360823,0.27277650721545643,0.0
МО_0132,0.1443160063063597,0.1301049967103967,0.03435251503677254,0.03435251503677156,-0.15984465879225665,-0.19711866950231674,0.1052681692494803,0.16896445227211304,-0.1874776902258503,-0.19688897003909114,0.7071067811865475
МО_0133,-0.5867783225766219,-0.5261530209364272,-0.04633519384823782,-0.04633519384823573,0.4225384481282833,0.39341897513652296,-0.658495956976181,-0.34698820706547395,0.5915315301323005,-0.37466287475464977,0.7071067811865475
МО_0134,-0.9176214423514031,-0.8421790470082834,-0.23699653647873797,-0.23699653647873833,0.01600057281651245,-0.23456696555982257,-0.26227153562227007,0.2527070029180092,-0.10883839945099437,-0.4868689993576257,0.7071067811865475
МО_0135,0.029215998152591485,0.09491391617097106,0.5729538179661593,0.572953817966162,-0.0990210111624522,0.1899737060079314,0.04565276317716725,-0.17371430960860498,0.11554828235275878,0.24002048348157123,0.7071067811865475
МО_0136,-0.5712490279159428,-0.5176459825116988,-0.0885838788893911,-0.0885838788893916,0.4261284326856097,0.4037004612371015,-0.6632613577790248,-0.32147357225762685,0.8732965278987871,0.3477748368623831,0.0
МО_0137,0.16517709177914652,0.14539405986542975,0.004693620590931725,0.004693620590933911,-0.15037016092459812,-0.23658736186906315,0.12044038039495449,0.20347327377635283,-0.21158599558318586,-0.42772115261745103,0.0
МО_0138,0.021645325814495124,0.08558650012818746,0.5516310613356384,0.5516310613356378,-0.09072191960678627,0.16651974734366048,0.12050350456930166,-0.16060220717489132,0.24870175678658724,-0.3570119510090021,0.0
МО_0139,0.026444999329158555,0.09534406635907505,0.5962573040517362,0.5962573040517352,-0.11289469728519354,0.12015187835469739,0.06908433347035342,-0.15557253518719674,0.08500915384047313,0.151977162701821,0.0
МО_0140,-0.9272472506483266,-0.8615007349444388,-0.32449431828624054,-0.32449431828624126,0.16998753596305566,-0.3894389627948854,-0.2431357546447288,0.2866796223367075,-0.21080426015687684,0.09651973321145028,0.0
МО_0141,0.16052220578216606,0.14495107215202205,0.038558904771351855,0.038558904771348865,-0.13349993035912147,-0.2352708663655877,0.09938598737496976,0.2124893574349554,-0.19508861495700083,-0.5451911957016902,0.0
МО_0142,0.026590071418770556,0.0823843201771608,0.4903453980165376,0.4903453980165413,-0.12091418915544311,0.1339970346701889,0.06776423346244352,-0.10031085252220752,0.07096786871654384,0.1961365407455244,1.060660171779821
МО_0143,0.022670979132599172,0.07630107245266878,0.4691535183764356,0.4691535183764347,-0.13624310600622358,0.11476243602398695,0.0734593324832704,-0.16523359123263964,0.036366236159628085,0.2126994166873231,0.7071067811865475
МО_0144,-0.9267892492293679,-0.908912194429753,-0.653730081352108,-0.6537300813521045,0.10992090141393449,-0.3611338075347379,-0.26153893341184486,0.30741264284501235,0.1104346263620215,-0.6198059225390073,0.0
МО_0145,-0.9403006493807183,-0.8860291242680091,-0.429606707651058,-0.4296067076510525,0.15757327573726834,-0.4361510406612884,-0.2768155860845566,0.45374029786820513,-0.2137755318239292,0.16746110074137935,0.0
МО_0146,0.15020232352513002,0.1411843831447962,0.08190191899328995,0.08190191899329055,-0.19876176086577718,-0.16675968195901436,0.13721658014803084,0.15641109879306644,-0.2288264453632154,-0.7338967374050595,0.0
МО_0147,0.16147768902148454,0.13912025094251615,-0.015460967512163875,-0.015460967512164456,-0.17575721858853166,-0.20688352550680816,0.14158265761160393,0.1840989270767079,-0.2526116788676087,-0.33057508507994193,0.0
МО_0148,-0.9375982998182745,-0.8897870039239704,-0.47934808170330356,-0.4793480817033002,0.16742626585267978,-0.3250198390891886,-0.30283244733893266,0.3174385161762253,0.047415622847114404,0.7629581067781487,0.7071067811865475
МО_0149,0.15561688659420297,0.13700445056201185,0.009343110215543765,0.009343110215540983,-0.1368893064125285,-0.19902456076889716,0.11055213885746953,0.18395654092621005,-0.22747988044809653,-0.07583436835143365,0.0
МО_0150,-0.953442486257067,-0.8972399038888142,-0.42631638883865436,-0.4263163888386503,0.01953583865599067,-0.3054658396338237,-0.2766628462379491,0.28237524547056164,-0.20108980795013764,0.4393732590727374,2.121320343559643
МО_0151,0.031862610408795955,0.09594290672625107,0.5623479429078654,0.5623479429078652,-0.09377189887394875,0.130956812423375,0.07193613220440737,-0.12890982942911927,0.04692076441620493,-0.015055685500825278,0.0
МО_0152,-0.9496638506853089,-0.9101663623706702,-0.5579519356022693,-0.5579519356022656,0.1944077234454861,-0.3423413517451306,-0.3395702526542826,0.24463026210159006,-0.0817075725407462,1.0592287244130982,0.0
МО_0153,0.016861337707567318,0.08534596678608117,0.583907272036026,0.5839072720360252,-0.17275063402537244,0.0916845290861218,0.07052004871568789,-0.07493583299703939,0.037400658788342096,0.23829007185363002,0.0
МО_0154,-0.002194156550156686,0.07253209003034411,0.6165287182539385,0.6165287182539411,-0.08709719577753501,0.18898301660402278,0.10656555017675037,-0.1757240063489169,0.15906080576922246,0.04354982425485316,0.0
МО_0155,-0.570370752558454,-0.5167105311290147,-0.0872967478250994,-0.0872967478251004,0.44206147414333724,0.445068389358316,-0.7154692099268678,-0.4652538204163124,0.7913655690406219,0.32808332267071766,0.0
МО_0156,0.15887226472041002,0.13718477802644513,-0.012485258936660507,-0.012485258936659657,-0.11255698649404995,-0.19762797602670543,0.13572487714901946,0.19627957170440666,-0.19262643162628457,-0.2793375393476289,1.060660171779821
МО_0157,-0.5693590779562889,-0.5042210220280312,0.006534971110757228,0.0065349711107574255,0.3532571399538729,0.34261335630382217,-0.6104628635444127,-0.3795945040578375,0.6009863813452625,-0.5016480033286046,0.0
МО_0158,-0.5696184634219852,-0.49731871173464764,0.06424605529843137,0.06424605529842765,0.4423379113546402,0.348421896939228,-0.7249363620587755,-0.33557633038922957,0.6034968117373879,0.6374345764813376,0.0
МО_0159,-0.9318750683095147,-0.9061313945938824,-0.6525533895693245,-0.6525533895693211,0.12939272724289716,-0.3248996696461382,-0.33734930074791514,0.28383155726078196,0.020740198060251958,0.6930560550519684,0.0
МО_0160,-0.9437839654591776,-0.8974780001793005,-0.4973362095129284,-0.49733620951292723,0.19116394003226747,-0.4284998057913112,-0.29538875472766946,0.38825073068335053,-0.17442862664810427,0.4156541508331576,1.060660171779821
МО_0161,-0.5744303716615548,-0.5421126274322364,-0.26381722439593036,-0.2638172243959275,0.35048850413081517,0.32430095946678195,-0.6913523071572075,-0.2685034453367209,0.800290111092342,-0.6975380163775248,0.0
МО_0162,0.023853987539633456,0.09266626974667573,0.5931228073569155,0.593122807356917,-0.047411971655857026,0.17277247590807784,0.09166253703622325,-0.1621014972926726,0.13193401356224976,0.14201166255924452,0.7071067811865475
МО_0163,0.025869585147474596,0.08612168400790525,0.5257433192309497,0.5257433192309483,-0.1451578098019814,0.15157009613199204,0.06834087344861485,-0.12931348653493277,0.12371943059657499,0.46113754948913316,0.0
МО_0164,0.025993916685208337,0.09519729496711019,0.5982964455120772,0.5982964455120766,-0.07800254771158716,0.15316770259999316,0.11127002414700325,-0.19752779046759164,-0.0134530637461053,-0.16732221549551995,0.0
МО_0165,-0.9408929803083046,-0.8908971871369595,-0.4647632288903952,-0.46476322889039373,0.1572835553962643,-0.39467224003476886,-0.3241978446393308,0.3428706713802591,-0.3226888175883535,0.9151730012532441,0.7071067811865475
МО_0166,0.023352208276123568,0.09390484638475084,0.6067352597669072,0.6067352597669076,-0.1124466272096551,0.1278963840783874,0.09256007325581725,-0.14861736383188276,0.006288936063710428,-0.14166738286833802,0.0
МО_0167,0.16437284031147995,0.1516829976049008,0.08828161168249951,0.08828161168250155,-0.14505632124294007,-0.23275751849793996,0.11352555163806395,0.21755163920469903,-0.2700037759045647,-0.06067857661814255,0.0
МО_0168,0.03575983365277187,0.08932514015682001,0.48091587990494006,0.48091587990494,-0.020352762778130275,0.16837645347646055,0.08149792862123258,-0.15764527320284175,0.1641668319164786,-0.15407405170514804,0.0
МО_0169,0.15661521369676784,0.14459531510966836,0.06362902315223899,0.06362902315223776,-0.20727549140594195,-0.15935507170296234,0.15038189641904323,0.13275502875306186,-0.21293245506500388,-0.012003754059455777,0.0
МО_0170,0.1514066739578936,0.13765871917415248,0.04475577133396162,0.04475577133395954,-0.16612846028872952,-0.2044572194157304,0.1577569689458273,0.17100635200547196,-0.27415777338192815,-0.03117680998506871,0.35355339059327373
МО_0171,0.15661675261179983,0.1418154573091504,0.04112257838009163,0.04112257838009059,-0.17234194455387192,-0.18558234720013853,0.13008244554361154,0.1700300595453531,-0.26026114881138696,-0.38669302215598944,0.0
МО_0172,-0.9349475164593858,-0.8759224739582919,-0.38611479310958946,-0.3861147931095857,-0.024735712719677602,-0.289652377452516,-0.2140329275494467,0.22927261047899572,-0.23301284540836614,2.1219224603131788,1.7677669529663687
МО_0173,-0.5817215820399082,-0.5170157450560944,-0.008567476576822714,-0.008567476576822391,0.33573478196237955,0.3197467530857439,-0.6527520839303348,-0.28182091335230836,0.6991787197522901,0.07997222874256009,0.0
МО_0174,-0.5719334728157743,-0.5082336774435416,-0.007520470650068627,-0.007520470650069286,0.34956490240748445,0.36483114922710763,-0.6473601959808408,-0.3505379374845611,0.8188333104512616,0.5214819771926793,0.0
МО_0175,0.016282623410077572,0.09205562596800039,0.6423437129120547,0.6423437129120558,-0.10127262524844469,0.18282119933593854,0.1111744970123699,-0.17896861349020748,0.015188567442275229,-0.34950157850393415,0.0
МО_0176,-0.5628640951402795,-0.5140574425842777,-0.11952669781303092,-0.11952669781303069,0.3661381946254683,0.3150519186777166,-0.7209106368778958,-0.29965842934202186,0.8392157615396325,0.3788266602927614,0.0
МО_0177,0.15020785589148183,0.1402476112603082,0.07428170605512069,0.07428170605512234,-0.17022745076824014,-0.2069783633559794,0.11896605544113723,0.17133622555019548,-0.23589143298173695,-0.4040300589422616,0.7071067811865475
МО_0178,-0.9177468312011491,-0.8783860684453951,-0.5290975412361799,-0.5290975412361779,0.14764712545574799,-0.3657989594243091,-0.2728837029611826,0.3231421364491955,-0.14630769632320922,-0.6164749284436226,2.121320343559643
МО_0179,-0.5762684987022307,-0.5152309332017472,-0.03313335766238486,-0.03313335766238778,0.33112515097343587,0.3434925910931975,-0.6540773559551928,-0.3531411984482012,0.6143448947915834,0.17026431912646878,0.0
МО_0180,-0.9334998465055899,-0.8733725337670009,-0.37583595260982877,-0.37583595260982317,0.127777570517045,-0.38382736747093177,-0.23628035587744906,0.3831581203583425,-0.2901484641257979,0.6857493583925546,0.0
МО_0181,0.15559755789798085,0.14410495358663775,0.06694076179270783,0.06694076179270655,-0.19600850964529387,-0.20133512352812677,0.12043251817763326,0.17485554718928076,-0.22814017753258553,-0.5574651754550779,0.0
МО_0182,0.021079525070743666,0.0914345666805549,0.6030028601909805,0.6030028601909824,0.002854614941538934,0.21163953333290106,0.12535684936219224,-0.20877673009597578,0.15405489194824384,-0.5128101213581183,0.0
МО_0183,-0.5430915261815826,-0.4873199710143622,-0.04460393082662631,-0.04460393082662622,0.3528471254786783,0.35911600401009103,-0.6641094057739358,-0.3703184121600438,0.6362705256632263,-0.2646996520191464,1.060660171779821
МО_0184,0.023406990984105293,0.09977971422257757,0.6538845445048063,0.6538845445048068,-0.021879117108848184,0.11638709431445461,0.12268532141271542,-0.0911961475952582,-0.05404386551481022,0.489970020609993,0.7071067811865475
МО_0185,0.002194156550156686,0.08543211576462811,0.6859394471078275,0.6859394471078258,-0.06824740851738742,0.19471619548332447,0.07411379598663212,-0.22874129252631317,0.04575399151129061,-0.034666097291875544,0.7071067811865475
МО_0186,0.15805025956484667,0.14728263572077785,0.07510989436713214,0.07510989436713081,-0.2142996240945486,-0.13440869172387507,0.09410006195855564,0.12079843743805899,-0.1927376778179736,-0.14287197218255862,0.0
МО_0187,0.016326531210810118,0.09777960194289952,0.6859394471078275,0.6859394471078258,-0.07254326269093546,0.1705531394419129,0.12261887848984908,-0.16792609830705535,0.006637283627535769,-0.38933031122020023,1.060660171779821
МО_0188,0.15385689569033364,0.13850616935123833,0.034085714365015715,0.034085714365015694,-0.20748762777426624,-0.16580354209749948,0.14075176146373836,0.11541627777009392,-0.220855057808656,-0.1304912219549534,0.0
МО_0189,0.01323689851354364,0.07893876386378249,0.5579860238875175,0.5579860238875183,-0.09748670042573154,0.1321826429657787,0.10112848019654067,-0.14185015946817514,0.07346255520987229,-0.166124517344456,0.7071067811865475
МО_0190,-0.5532256430623795,-0.5056476053128718,-0.12042130499574524,-0.12042130499574505,0.41149093525507235,0.4265475511616799,-0.6637049063576042,-0.35084966168903975,0.9245996052952161,0.1435310627424453,0.7071067811865475
МО_0191,-0.5756542519086012,-0.5178560107344481,-0.05877033396537559,-0.05877033396537831,0.44041692588879083,0.37955340203915733,-0.7167972945447502,-0.3706838531509502,0.6841152851189004,0.8730010249079063,0.0
МО_0192,-0.5783641537184785,-0.5326624677589916,-0.159203067415657,-0.15920306741565401,0.34611935194588395,0.3551912992701236,-0.6932282188847153,-0.4172902904456576,0.7243180706583338,0.25575440538366156,0.7071067811865475
МО_0194,-0.9389244105884482,-0.885086498309256,-0.4318237428395911,-0.4318237428395885,0.058560678996189504,-0.3524745279979451,-0.25899328160050117,0.3131184169779794,-0.19686120844552232,0.9986148002839909,0.7071067811865475
МО_0195,0.14904028711657766,0.13819326698245302,0.0660096467473302,0.06600964674733091,-0.17275611574271496,-0.23496658370633353,0.13315125742159534,0.2270938053434475,-0.24909835567173713,-0.31539421710473486,0.7071067811865475
МО_0196,0.02214478979027972,0.08119100594664455,0.5124884559588777,0.5124884559588784,-0.12089119774926255,0.17221215420506483,0.05917811365305867,-0.2108452690150059,0.17938614616759987,-0.18598898766013755,1.060660171779821
МО_0197,0.15910701783531664,0.1381895959297123,-0.006033300619661223,-0.006033300619659944,-0.2142996240945486,-0.16097969556460207,0.11216919154001663,0.10735874875612188,-0.21037150975093202,-0.11769732856348789,0.7071067811865475
МО_0198,0.025006381402912167,0.08827552138184537,0.5493478153886552,0.5493478153886562,-0.11745809124282072,0.13602897756670373,0.10011275122953558,-0.1640178617569994,-0.0029810072251110656,0.2556154674677446,0.0
МО_0199,-0.9473641962175381,-0.876408297225673,-0.3012224130227397,-0.3012224130227401,0.06130800921714439,-0.2907112525052978,-0.23562377440647325,0.26590527748122894,-0.03834750201083058,0.9595998463773397,0.0
МО_0200,0.011854688480273736,0.07717454665138,0.5535972141185644,0.5535972141185662,-0.18115494143604582,0.12742874347801714,0.07088434110883576,-0.10468647992414794,0.20342335004590298,0.049334453456478564,0.0
МО_0201,-0.9497698848437088,-0.8766665410114591,-0.28610289419162904,-0.2861028941916275,0.12371160627122732,-0.4379153791445122,-0.2141833574297582,0.44787242375442615,-0.4841864285926749,0.07999843471156551,0.0
МО_0202,0.013833158784989745,0.08854767446428362,0.6314787859200511,0.6314787859200509,-0.11317942363036232,0.1749761337474547,0.0791615447718352,-0.20221853166013995,0.19601090699935303,0.018268222719010914,0.7071067811865475
МО_0203,-0.5622350683904348,-0.5028899939570397,-0.03365618045677265,-0.033656180456771656,0.49080385943111393,0.4168229455070861,-0.7148714089964558,-0.39122351408333683,0.7689152456851066,0.4917036594418099,0.0
МО_0204,0.02500038240479278,0.08733474761608037,0.5417777086630731,0.541777708663075,-0.17143649663150254,0.13886380256222985,0.07478135951655518,-0.20227401424515243,0.2585401445054421,-0.5189603734380238,0.7071067811865475
МО_0205,0.026165063061374453,0.08957131204407386,0.5515450080226865,0.5515450080226895,-0.08415123995468136,0.09361547216938473,0.13245321761606557,-0.1160520904055172,-0.06821038751558087,-0.37898649421851066,0.0
МО_0206,-0.942141869824103,-0.8726709499892943,-0.3083370571263355,-0.30833705712633486,0.044416438242492355,-0.3395041636723461,-0.20193762388368647,0.28408795517180613,-0.1230568737695249,0.8341688711583352,0.0
МО_0207,-0.9430893160873028,-0.8758719774401821,-0.3274630833480385,-0.32746308334803814,0.18219955562163592,-0.3719407062621792,-0.20298575529539178,0.388245338734148,0.030485528101983277,-0.027240099440889492,0.0
МО_0208,0.02114321144135214,0.07651926532361203,0.48184821999837757,0.48184821999837946,-0.07381407120899318,0.19783216525207256,0.09051082132263259,-0.18202533655752368,0.1448683049817952,0.17424898233660577,1.7677669529663687
МО_0209,-0.9375385911928577,-0.8660431545400447,-0.28763292231665827,-0.2876329223166568,0.0815452852270206,-0.3821864786930529,-0.23514846983913154,0.3603446091215063,-0.11684324892699108,0.43487365186788324,0.0
МО_0210,0.03869930037485178,0.12181725968031411,0.6859394471078275,0.6859394471078258,-0.013422364258655626,0.18692918593792643,0.13106731872368987,-0.21759315622601105,0.03838605330854594,-0.3324016792743992,0.0
МО_0211,-0.5783626197027266,-0.529780255945348,-0.1358903260103632,-0.13589032601036438,0.3928411812422891,0.2866098268708418,-0.7102493402352174,-0.2505485651252791,0.7283415929783128,-0.17188435660766516,0.0
МО_0212,-0.9232837962258946,-0.870280281449508,-0.42389393794580177,-0.4238939379458002,0.05022023555012507,-0.34953404079174893,-0.22025502516661033,0.3481588065508947,-0.10099436634110513,1.074197187560734,0.7071067811865475
МО_0213,0.033172815805621945,0.09048410544421023,0.5088010304803794,0.5088010304803782,-0.05773301469537499,0.20470607178006212,0.12868022227679027,-0.16737018253292957,0.16540395444116365,-0.15846449126441522,0.0
МО_0214,-0.5502378247137313,-0.5121705588214575,-0.19458060492505488,-0.19458060492505305,0.416554291517973,0.4101473586281035,-0.7280840723366221,-0.40666547261766606,0.7799852179782587,0.27493184755546746,0.0
МО_0215,0.030904271117908298,0.11035925720571037,0.6858649022629987,0.6858649022629971,-0.05258355622829551,0.15556255095908628,0.12736991055673835,-0.14184144011734287,0.0013935886808644291,0.01633164032433458,0.7071067811865475
МО_0216,0.15716301410953817,0.13489011169454188,-0.018827107304957236,-0.018827107304955824,-0.20036776703035994,-0.17504908537715858,0.10009056646396178,0.1306959087058856,-0.1338607206433589,-0.365318753453854,0.0
МО_0217,0.15479067626057977,0.14398028573095462,0.07170401091216637,0.0717040109121646,-0.16847143118186794,-0.1926502176134166,0.15412191284784268,0.18092624075868768,-0.2716277737746956,-0.11815299015667871,0.7071067811865475
МО_0218,0.02142406289294805,0.08299955734627505,0.5322795747210561,0.5322795747210556,-0.1240490994872225,0.12150713218854571,0.0645120396612832,-0.1092562949712951,0.12521945884136879,-0.0490781024539986,0.7071067811865475
МО_0219,-0.9290057885258148,-0.8640074441140992,-0.33219949957627226,-0.3321994995762683,0.028670939743060248,-0.2971599159941484,-0.2533489488651837,0.2640949673830058,-0.001660825860302847,0.982061600224362,2.121320343559643
МО_0220,0.15212907332893957,0.13820161136636075,0.0439812692127735,0.04398126921277538,-0.16027894440218746,-0.1768688536867244,0.1614837011837287,0.12477853259562348,-0.26909834494240126,-0.4436280026180766,0.0
МО_0221,0.010777528561293463,0.08141681493791617,0.5956324685259986,0.5956324685259977,-0.05889948539431893,0.20210085855534993,0.12308074405743293,-0.23840817788384283,0.14155984117658854,-0.13682626911706083,0.0
МО_0222,-0.5748618535111075,-0.5281796936142358,-0.14798113728917497,-0.147981137289176,0.3946942043513906,0.4136097002705507,-0.6784924141947843,-0.4573245060376593,0.791036615508475,-0.5054460259603266,0.0
МО_0223,0.16111193085873482,0.1434993016330797,0.022592095998385107,0.022592095998387626,-0.14978441566197134,-0.222874210951241,0.13861238826456934,0.18749682897361705,-0.25038541235298006,-0.34346971937122794,0.0
МО_0224,-0.5635844621422917,-0.5111986622744359,-0.09123938893023031,-0.0912393889302328,0.35888147593109393,0.3676755965397795,-0.6812080429711341,-0.4331600492132552,0.6061016510707892,-0.5622068594659748,0.0
МО_0225,0.03181371059906805,0.09189788443596542,0.5299642286804753,0.5299642286804793,-0.12880092978351557,0.18378562906415075,0.061203167997318786,-0.18263931100719386,0.23700947743422557,-0.5230440857887186,1.060660171779821
МО_0226,-0.940194228105793,-0.9060058784296161,-0.5920258370189602,-0.5920258370189568,0.34758420419553515,-0.3979697706338929,-0.27725448988926893,0.4203741124729241,0.13588139611419162,2.141198048037882,0.0
МО_0227,-0.5783159871555033,-0.5193709400322968,-0.05198863608379609,-0.051988636083796905,0.3414533252924521,0.38873744612610406,-0.6463114359379653,-0.36349759251489755,0.7636655783964569,1.1279209587149346,0.0
МО_0228,-0.5728788695740359,-0.5265756040538643,-0.14918581685303522,-0.1491858168530333,0.33425963304514755,0.3004069451467481,-0.6797559121408179,-0.2868792532145723,0.6087820103882813,-0.5576845772938825,0.7071067811865475
МО_0229,0.16307728534907948,0.13799639109289846,-0.03599842809977217,-0.03599842809977262,-0.163814083998275,-0.2104930710343101,0.09899235368130936,0.1453168164482359,-0.2753578904302696,-0.28549633059533175,0.0
МО_0230,0.024310188680611137,0.08929638607879949,0.5625892317364388,0.562589231736438,-0.060387259728910514,0.2076293111308485,0.07860695357044538,-0.19463245835223802,0.1364924378942838,0.09462985225541069,0.0
МО_0231,-0.9365586630750861,-0.8979378111258904,-0.5527439700279053,-0.5527439700278993,0.3302757997995869,-0.44452907492425037,-0.3328488634802047,0.45374029786820513,-0.04645606451816886,-0.7817722970341799,1.414213562373095
МО_0232,0.16317047256856415,0.14979612364031916,0.058821893794029294,0.0588218937940281,-0.12942530706403066,-0.21942541747768898,0.15502547879256828,0.17071593550232125,-0.3158236277272057,-0.674692737895443,1.060660171779821
МО_0233,-0.928008453158575,-0.8793859556973093,-0.46378151456336175,-0.4637815145633588,0.10015976404780876,-0.35282534241468705,-0.25116305052130267,0.2353095726674055,-0.09427149177229187,0.7563269804478038,0.0
МО_0234,0.024941478838399832,0.08869375760387725,0.553196593455526,0.5531965934555249,-0.1351384486639889,0.11855288069435801,0.038434793154906846,-0.16199197971595755,0.045670995508143915,0.3475744682011585,0.0
МО_0235,-0.5632976623868642,-0.48396580843166487,0.12708531582013488,0.1270853158201307,0.31453541456819634,0.3457297685489956,-0.6177397494542832,-0.3671435100927707,0.5094519098486752,0.06990859276725207,0.0
МО_0236,-0.5502436473260753,-0.4914154118723346,-0.026582130984517945,-0.026582130984520416,0.34472964097408765,0.27483903679586413,-0.5873231060095064,-0.23973521528206368,0.48544787110709897,0.11566875738392028,0.0
МО_0237,0.051033843576411546,0.11366335202821753,0.568603960072388,0.5686039600723862,-0.07603359274212153,0.16989072800664431,0.07846728622445087,-0.15890386820409405,-0.016728688171269334,-0.4540522656914366,0.0
МО_0238,0.03396510323844326,0.09405026759029586,0.5319917775272256,0.5319917775272252,-0.12012332472716188,0.11143775249994607,0.06147289434400707,-0.14705168116455,0.011574848930802116,-0.57655625762659,1.060660171779821
МО_0239,-0.5724158551901103,-0.5157451174341038,-0.06485451226507806,-0.06485451226507681,0.45282149063660904,0.445068389358316,-0.6953181092196858,-0.45029812206543574,0.9245996052952161,0.5113069064827295,0.0
МО_0240,0.15570377066461158,0.15162420720072242,0.1270289958168655,0.12702899581686672,-0.15495997556695507,-0.19901554883070982,0.15023314032573232,0.17961386297064186,-0.3217188092629618,0.24501259750985865,1.060660171779821
МО_0241,-0.5773693317138364,-0.5232966021646794,-0.09052824412641251,-0.09052824412641006,0.440626249750569,0.4012956975127284,-0.7152424945103895,-0.31989348992020733,0.916046307905898,0.4302277896978339,0.0
МО_0242,0.14635513079817944,0.13305414661983683,0.043630857441071653,0.04363085744107208,-0.1909666029234585,-0.19076487523963664,0.1465072637979599,0.1462292465240509,-0.261529652298279,-0.5295545820530528,0.0
МО_0243,-0.5636454544366508,-0.514439063569033,-0.11702536613042552,-0.1170253661304278,0.4733546207471207,0.3579781853300451,-0.7133407788059678,-0.34085565142302593,0.7495875256019466,0.19220156038746794,0.0
МО_0244,-0.5633410528697361,-0.5062309237665421,-0.05278022115118883,-0.052780221151187655,0.4022496952313139,0.3164244658395432,-0.7017009194832998,-0.2914058493677653,0.5510838329505978,-0.8927423548351329,0.7071067811865475
МО_0245,0.14630230245451506,0.13481815096621433,0.05828361738420978,0.05828361738421253,-0.08842670806968252,-0.2431998020023891,0.1383275172662102,0.19324115748823245,-0.31973331888602935,-0.18075234768383466,0.0
МО_0246,-0.9237264781465943,-0.8773785248442679,-0.4781682705024211,-0.4781682705024186,0.08667225100958878,-0.2857956230420447,-0.24478347023313426,0.21978342217288005,-0.2598744318260123,-0.7006623650586675,1.414213562373095
МО_0247,0.02847498254320425,0.08921853429223622,0.532166014164867,0.532166014164869,-0.09194549524578045,0.2032852383548759,0.07354938695243127,-0.2765861914054274,0.09679335442835471,-0.15773905039696964,0.0
МО_0248,-0.9339419922281925,-0.8670817799961408,-0.32176637416096604,-0.32176637416096426,0.015254837274401745,-0.2246464392827985,-0.24382400246032404,0.2761715237234109,-0.16540100135911495,0.32376064921524605,0.0
МО_0249,0.14974633576072127,0.13217658219837333,0.012270063374304556,0.012270063374301766,-0.12490589207290644,-0.20710729640908856,0.11145457268589351,0.12648450259897207,-0.2186650907771528,-0.35645917959477347,0.0
МО_0250,0.1562579342194777,0.1420933800353745,0.045938450535249996,0.04593845053525039,-0.15651727586822714,-0.1940537580558207,0.10578812638901279,0.1721773645402769,-0.26398563346391335,-0.22413324199410653,0.0
МО_0251,0.02628785327433519,0.0904749267594049,0.5579789364744854,0.5579789364744876,-0.08909584392307021,0.11720387916480259,0.07681681367719942,-0.11388022511830477,-0.004883846575850505,-0.5112327145749125,0.0
МО_0252,0.1578772711131003,0.1372433735195463,-0.004893312842405627,-0.004893312842405325,-0.17278150541836787,-0.202185301291871,0.13684532840042615,0.20660227258374497,-0.20058073869522208,-0.3003994445538758,0.35355339059327373
МО_0253,0.028532313800719297,0.09594022458929802,0.5861498068024851,0.5861498068024837,-0.11222497548152634,0.13931773141403592,0.09430997950660798,-0.14441491635286463,0.17188610721574904,0.20300365902752923,0.0
МО_0254,-0.5735222304622469,-0.508750754603513,-0.0003394957883800705,-0.0003394957883822652,0.38480446931305473,0.3628362829038153,-0.6395680100255831,-0.26089298037279074,0.6113337191734456,0.49679182654031273,0.0
МО_0255,0.16268531057787952,0.14539079314172937,0.0266432981262044,0.026643298126202992,-0.15117216537783254,-0.21957998285614672,0.16319975887398588,0.17127270666502942,-0.3275574825273285,-0.15981417060359868,0.0
МО_0256,-0.5644711477274076,-0.49258229649888063,0.06575276215907523,0.0657527621590735,0.35547532857304565,0.3368891439129249,-0.6772361113721325,-0.3756915806936933,0.8073511696124277,0.1869652739203694,0.7071067811865475
МО_0257,0.15881252922128006,0.13946514633194368,0.006395482664110297,0.0063954826641099815,-0.2142996240945486,-0.16746909974823337,0.13412685150864745,0.13217079693244044,-0.20712117960427665,-0.4780467486442554,0.0
МО_0258,0.1568471508340291,0.14126218875290367,0.03499719082209726,0.034997190822100205,-0.16821239020387616,-0.171748293613234,0.14919843901801824,0.14959935899096016,-0.20759173836801584,-0.1543717450590849,0.0
МО_0259,-0.5683226490547042,-0.5029563897687089,0.009354566489012311,0.00935456648901347,0.47144548457806085,0.3938124670849017,-0.6923344546453183,-0.3431720962851217,0.6634025022336425,0.8746832662560119,1.7677669529663687
МО_0260,-0.8995810766276519,-0.8495715208685473,-0.42587197003795857,-0.42587197003795496,0.1799683714615387,-0.40665857334156974,-0.25493486529728604,0.31215710477670144,-0.2077780972532329,0.41655411515874047,1.060660171779821
МО_0261,0.15736240194801707,0.14033850693604985,0.023836588887665686,0.023836588887668694,-0.12228348115466435,-0.21174459619113262,0.16957722886020202,0.1912594452102759,-0.36092434853386673,-0.05102570682404549,0.0
МО_0262,0.025467959407109244,0.09970328584454755,0.6385227451711464,0.6385227451711439,-0.09049607658301062,0.15081929903507238,0.04818454142876602,-0.15960996047116222,0.09799193570744884,0.5596392051158012,0.0
МО_0263,-0.9278341052322121,-0.8831957289964344,-0.49585854623313297,-0.49585854623312936,0.16708278224401482,-0.36816654448484865,-0.31077594801730524,0.3513140795419164,-0.06359971836822033,0.019047381767333886,0.0
МО_0264,-0.9430359831783169,-0.8951825026480333,-0.4841111176192511,-0.4841111176192482,0.14996707814495763,-0.43642905355832146,-0.25811647279718986,0.4285017514799387,-0.3123953016412785,0.22976093336803577,0.0
МО_0265,-0.5719430919523062,-0.5065534155444033,0.006145519657629753,0.006145519657630954,0.38924456566262505,0.3682275143998105,-0.6587636262407247,-0.39858139173591783,0.4886526281145318,0.33013133475002265,0.0
МО_0266,0.01853255553330774,0.0975792497799219,0.6709474328844816,0.6709474328844824,-0.06508914971311487,0.15299736433402503,0.0958495065900453,-0.11965761002793027,0.03885700205940905,-0.41047524957738873,1.060660171779821
МО_0267,0.02012955146633558,0.0820858770230941,0.5341462027304723,0.5341462027304733,-0.21429763187216497,0.09377199855559586,0.10731891515163114,-0.15000069839140656,0.01432383525118535,-0.5684651251671654,1.414213562373095
МО_0268,-0.5711638740018289,-0.5144463324893107,-0.06330051536636797,-0.0633005153663657,0.30541619964810407,0.3553333565335903,-0.6417920876912446,-0.3539632780966651,0.6282114428000137,-0.4328414974124787,0.0
МО_0269,-0.5759183250577696,-0.5148371548671533,-0.03245178411869956,-0.032451784118700026,0.46867370130349173,0.39294281740931525,-0.6992771828978522,-0.4199549851763494,0.644586381866285,1.5124758941558525,0.0
МО_0270,0.01957457832351263,0.0846279595666513,0.5586875396460241,0.5586875396460279,-0.1493914061099009,0.09718714512189254,0.037987785189757164,-0.13354031417133277,0.053446422476266686,-0.19319229059251863,0.0
МО_0271,0.15253180598800323,0.13851956797611903,0.04367328529536648,0.04367328529536541,-0.1779428126787173,-0.20775867156660338,0.15058754039369593,0.1826513433685063,-0.22051933478900818,-0.25137237377868077,0.0
МО_0272,0.15447695231638217,0.14330979517409717,0.0685224536518713,0.06852245365187151,-0.15339467332627454,-0.198859120881385,0.14222083301292163,0.16772182982065972,-0.2532125494458459,-0.07357520038484792,1.060660171779821
МО_0273,-0.9233650384725851,-0.8699600545898907,-0.4207213934381273,-0.42072139343812415,-0.023295917011085295,-0.39171871494285015,-0.22336162014185157,0.34997866781508763,-0.19477151342460935,0.19266253605869219,0.7071067811865475
МО_0274,0.021131056065528852,0.07553668934094272,0.47398387748952187,0.4739838774895229,-0.041804808113299986,0.16408065682929115,0.12970197639804162,-0.11880348277312708,0.08859731070275846,-0.6889951123797933,0.0
МО_0275,0.026938676023393598,0.08899593247778385,0.5413547573652413,0.5413547573652416,-0.06913468866928066,0.14835880688261935,0.09136885449117722,-0.14320020066045044,0.08830703203392005,-0.4618418225532285,0.0
МО_0276,0.01620158194029163,0.06885959257150864,0.4552142497788635,0.4552142497788675,-0.16755274830321476,0.11413001961080395,0.0012928010664600383,-0.1747183190217069,0.18531294623674552,-0.3023900017765756,1.414213562373095
МО_0277,-0.9307215236050306,-0.8658106477296891,-0.33451789827833495,-0.33451789827833495,0.13133546609120286,-0.3168628746545611,-0.2014294719444123,0.32226584630163757,-0.20382930418928075,0.801198912265739,0.0
МО_0278,0.1532516084588316,0.13323259738434962,-0.004259623031867749,-0.004259623031865484,-0.2099252648291385,-0.18070214803607781,0.1057857302262406,0.14487907284337187,-0.2141225312057419,-0.8143963990902393,0.0
МО_0279,0.1489636566130749,0.13754057915414064,0.061276085761533386,0.061276085761535634,-0.16404563294410443,-0.19583840687170648,0.12647723232980634,0.1751148885876184,-0.18422671188774872,-0.31626682647198695,0.0
МО_0280,0.014295528421246545,0.08026225444192303,0.5611231014429674,0.5611231014429702,-0.05683172626125448,0.20156168528784382,0.08270332270013009,-0.18272676703311352,0.04796372458776047,-0.31514311312488624,0.0
МО_0281,0.035558906386960555,0.11892741418163569,0.6859394471078275,0.6859394471078258,0.027092606203900527,0.20510984119153466,0.14187266200023854,-0.1926196794063868,0.10561057208872532,-0.6094512419933408,1.414213562373095
МО_0282,-0.5509111373489817,-0.5025390913985065,-0.1118233053651836,-0.11182330536518201,0.48509396107417585,0.3283863238219927,-0.7489504376024748,-0.3610688807092533,0.7280047038114972,0.08129079699738888,0.7071067811865475
МО_0283,0.009303096374808705,0.08092059624556344,0.602164399116864,0.6021643991168636,-0.0640880301096179,0.1882359171847115,0.09185067145504926,-0.1843159625897208,0.1579292192913016,-0.26497905497136925,0.35355339059327373
МО_0284,0.020261031468749767,0.10047129511563467,0.681985919759315,0.6819859197593177,-0.17681202644876057,0.13433911107273908,0.0691669459699793,-0.1423278731282484,0.11467187003106508,-0.6787238650681445,0.0
МО_0285,-0.9155510135116055,-0.8482250102852946,-0.30073326338294076,-0.3007332633829396,-0.021457359005588896,-0.3063513956441429,-0.2702891224824527,0.2669257380775059,0.03647572793058295,-0.13167884488185394,0.7071067811865475
МО_0286,0.160229892953124,0.13809975909673422,-0.014792872515603015,-0.014792872515600677,-0.11767458189801185,-0.2081447434937691,0.1243235461603466,0.16500536738995505,-0.2264545241482814,-0.4742721449211707,0.7071067811865475
МО_0287,-0.5643501267425849,-0.5203823975543267,-0.16007965712032415,-0.16007965712032213,0.4462697394815114,0.3178303288592833,-0.6774838242926476,-0.3194902059775165,0.6392437648820735,0.13623887412415728,0.7071067811865475
МО_0288,-0.5652975792360444,-0.5296342463244061,-0.22817068430919488,-0.22817068430919377,0.4514244279169612,0.3706107564232339,-0.7441933960954255,-0.3322751436430181,0.8205511442079189,-0.3657007556184993,0.0
МО_0289,0.028912429833763752,0.10671598379654693,0.6706312615088474,0.6706312615088459,-0.044567240405339166,0.17353176658812905,0.05562690349845472,-0.18725395040728426,0.03246757322881794,0.3266564469827941,1.060660171779821
МО_0290,-0.9232349083190159,-0.8786826155112094,-0.49223784782250546,-0.4922378478225014,0.13585988091203688,-0.3939476735774714,-0.18909373337338198,0.3387105284900423,-0.19217828919451665,0.19181032496971992,0.0
МО_0291,0.024768084807999573,0.07853552899192452,0.47223357601408383,0.4722335760140882,-0.07876086358306038,0.1819880760089277,0.05793005998447001,-0.18071833275117974,0.14283709877595918,-0.5938606370226476,0.0
МО_0292,-0.9487526480780121,-0.9158601134104133,-0.6105458299290312,-0.6105458299290266,0.10995481714180813,-0.3173417573558671,-0.2981298589956697,0.2031841619554728,-0.059255617863942435,0.8556393417839651,0.0
МО_0293,0.11937330923396033,0.09538250530783464,-0.06820244265440059,-0.06820244265440276,0.5330102478643162,0.3760618952328278,-0.40412242074642946,-0.4035583131909066,0.03896249863952681,6.263052465284279,1.414213562373095
МО_0294,-0.557699611853785,-0.4886511967851662,0.0491236149823577,0.04912361498235902,0.4602745254978743,0.4030029168906409,-0.6877248632937966,-0.4093589210622644,0.6325040616568735,0.4857318230626713,1.060660171779821
МО_0295,-0.559822215172087,-0.499698784675228,-0.025092522813132033,-0.025092522813131582,0.3911186981805039,0.3338362956072152,-0.7081897527019924,-0.29144172381799843,0.6781853160819774,0.2526003830334382,0.7071067811865475
МО_0296,-0.9533948614476142,-0.9006758730417496,-0.4544619612751662,-0.45446196127516086,0.13082747579741544,-0.41132273180070444,-0.25286141688384467,0.40722277355261827,-0.15540024709617967,0.3682456688373245,1.7677669529663687
МО_0297,0.02956565450082661,0.10010533165558227,0.6124629985949853,0.6124629985949868,-0.12405330171218026,0.10052694480551028,0.12272840200044587,-0.07688542702166361,0.15952146553230448,0.33841101516313526,0.0
МО_0298,0.0185429105104282,0.08239423612169107,0.5479917113371198,0.5479917113371181,-0.13439933407246457,0.13002021558945873,0.06001717897671625,-0.14076271791762454,0.117769588531384,0.5338778585528232,0.0
МО_0299,0.14893538379235022,0.13483686994691158,0.039599118915165994,0.03959911891516398,-0.16966601979398444,-0.21443011196192685,0.1583089935536904,0.16657138679566827,-0.2920136487599444,-0.49386585777106884,0.0
МО_0300,0.013291782043255785,0.0743725262795874,0.5206420572895534,0.5206420572895526,-0.16220745827232166,0.17498916736505662,0.05270528105625774,-0.16592487191519711,0.27242722364093613,0.3308158011427833,0.7071067811865475
МО_0301,-0.9482084721582619,-0.8737134749796587,-0.2733755081026236,-0.27337550810262273,0.1470027636849242,-0.41637094326501695,-0.225840315036761,0.41531314624017207,-0.30029227922530416,0.8558539098190955,0.0
МО_0302,0.15307754067576354,0.13212112549535113,-0.012008774956446725,-0.012008774956443915,-0.17278205439964897,-0.21756145065172672,0.09266640332290396,0.18552351009608364,-0.21741290262537843,-0.3071849154448274,0.0
МО_0303,-0.9436361162055694,-0.9038729010520554,-0.5501433017085685,-0.5501433017085628,0.13460762031956927,-0.35387301458897413,-0.27401575762701863,0.4016493263313526,-0.11906565368792027,0.3836198012613908,0.0
МО_0304,-0.5932787375326786,-0.5475675653952963,-0.17312676809224498,-0.17312676809224486,0.4399709817684485,0.4120927002246703,-0.7063796120722395,-0.37676179148043554,0.7834432090299253,0.039870954127371926,1.414213562373095
МО_0305,0.15681114797793427,0.1464384620997036,0.07714268367348578,0.07714268367348742,-0.1355455074706238,-0.20922268252975493,0.16612516769087265,0.19934914411722893,-0.18091248671522273,-0.35567655219774613,0.0
МО_0306,0.03229196778848119,0.10422934454552943,0.6263328163698666,0.6263328163698649,-0.08620042906451543,0.20533256639833927,0.12238334088280532,-0.19272108188112805,0.22070802571285994,-0.5968132839997714,0.7071067811865475
МО_0307,-0.5679606773770888,-0.5079308143604103,-0.03348935273143164,-0.03348935273143311,0.46735011549571553,0.39772726991825996,-0.7214360516797131,-0.41995389082494455,0.8192973251692662,-0.8927423548351329,0.0
МО_0308,0.018374101241468627,0.08174165878876197,0.543918453387055,0.5439184533870595,-0.09557576018376997,0.14205905729093596,0.05294501194466616,-0.15912296265663076,0.13031576286355742,-0.3781327644070836,0.35355339059327373
МО_0309,0.1546336876344791,0.13798258828650986,0.02429189145913653,0.02429189145913758,-0.1964508566535094,-0.17529097665709556,0.14813096400972428,0.16280392439516994,-0.2089989515209207,-0.6984335384140435,1.060660171779821
МО_0310,-0.5792346067987673,-0.5440603920663691,-0.24521159810995774,-0.24521159810995358,0.4273893585851243,0.33335528625996197,-0.6834882404668401,-0.269621061368052,0.8710874850597793,0.6165466269031256,0.0
МО_0311,-0.565634574494136,-0.5035737595432868,-0.014870750187343957,-0.01487075018734408,0.32915332828133853,0.3385593422890708,-0.6251322047989524,-0.30873279081054933,0.7283382937616754,-0.035546020738748386,0.0
МО_0312,0.1506566785571879,0.14220257681664206,0.08689117645428508,0.08689117645428268,-0.1771133916582671,-0.19426853070985972,0.13525540593275762,0.14165870697371247,-0.2775563521450921,-0.4961372235017616,1.060660171779821
МО_0313,0.013461477830194683,0.08107437955475383,0.573661513341569,0.5736615133415702,-0.16410533249130935,0.16768355849582592,0.09395699833575294,-0.23610545317592085,0.16643948011129098,0.39449385301523576,0.0
МО_0314,0.1491334927683467,0.13016051768095604,0.0003394957883800449,0.0003394957883822652,-0.18198533648895468,-0.1691095325825608,0.11221590965434924,0.12701985751804948,-0.26556990458991203,-0.21554259424332176,0.0
МО_0315,-0.5725141009316319,-0.50335962552909,0.03607538100367164,0.036075381003671615,0.34151489346344804,0.35529971824090745,-0.6512694018178827,-0.3628069329370774,0.703653924981614,0.3784890459820917,0.0
МО_0316,-0.572865618207134,-0.5296195871272008,-0.17391342793016043,-0.17391342793016082,0.3619692883637664,0.3787747764567457,-0.7009677885089505,-0.3780257439494767,0.863287091288347,-0.230582945202233,0.0
МО_0317,-0.5700557054601801,-0.5183765597436792,-0.10303246384414486,-0.10303246384414673,0.47024335047989074,0.4428199805690617,-0.7410189665512456,-0.4652538204163124,0.8400795469789692,-0.31453128377852535,0.0
МО_0318,-0.9205628295851924,-0.8904866821673036,-0.6068748148673089,-0.6068748148673069,0.10980693331997,-0.319710613126528,-0.3397405106897815,0.2079701163751621,0.01003014066565803,1.331673710212807,0.0
МО_0319,-0.9441565046146158,-0.9043905420263412,-0.5506095623369526,-0.5506095623369469,0.07111385031410049,-0.3406949901105411,-0.28034989998641635,0.33902723759840553,-0.09446456855006229,0.6804901086034703,0.0
МО_0320,0.015210214746061828,0.07203717099910034,0.48801999145278796,0.48801999145279024,-0.07832497903608292,0.18050271476512297,0.04354950716500902,-0.16465956589416297,0.15428698761659332,-0.581764466958025,0.0
МО_0321,0.14920616828459382,0.12333281343156653,-0.05543220812404481,-0.05543220812404662,-0.13547067466787094,-0.2057419970328756,0.10030701422531292,0.1867632898916913,-0.1542200905989183,-0.19874239355156026,0.0
МО_0322,-0.5691802796226736,-0.5119901431115913,-0.05761411665782123,-0.05761411665781852,0.36173637360789523,0.4329802652944182,-0.6732437226104983,-0.465175899715051,0.8885860516003943,0.586609809791635,1.414213562373095
МО_0323,-0.9429155582169355,-0.9019648547318333,-0.5398573981596696,-0.5398573981596642,0.14813749899303452,-0.33936233425235585,-0.31954316595120574,0.23749854943943086,-0.1548817769441012,1.0058388390937993,0.0
МО_0324,-0.92436630671799,-0.8860858464796866,-0.5440534368602566,-0.5440534368602522,0.09992928660737693,-0.3673968436114269,-0.3054662486426302,0.2987645841331806,-0.23764274795495516,0.22035373377484352,1.060660171779821
МО_0325,0.15357221254873035,0.13201295800087787,-0.016422777069248398,-0.016422777069247038,-0.14529528208995435,-0.18348021010513932,0.10776447155046283,0.16404918325041556,-0.21137594952180888,-0.3655256224284751,1.060660171779821
МО_0326,0.1599350253911403,0.14289299158520474,0.026104751151777437,0.026104751151777,-0.15416689168578185,-0.2016448498461933,0.1648704109583565,0.15512510897939769,-0.27254933771638157,-0.17411935163838294,0.0
МО_0327,0.1576934526283113,0.14799769856793127,0.08344884525439294,0.08344884525439306,-0.19513638393312793,-0.15917061809263555,0.1396906724302161,0.13665385568482954,-0.25580185392055416,-0.41857378672802964,0.7071067811865475
МО_0328,0.1639620840042592,0.14752676311653842,0.034794691806504886,0.0347946918065039,-0.1811256629087136,-0.1980896302189962,0.13562776474429353,0.16121601034763414,-0.25281168872841003,-0.0016151604195271721,0.0
МО_0329,-0.5547592084046996,-0.5130629027383349,-0.1694576029297879,-0.16945760292978387,0.36765082794161547,0.3301843012011152,-0.6149415717211145,-0.27337791959685226,0.6174154898386488,0.2840939678263002,0.0
МО_0330,-0.5713636443740057,-0.52004864121439,-0.10720698875122373,-0.10720698875122413,0.41491110996050706,0.3443154643588493,-0.657228045893294,-0.3294738537468983,0.7395025067482862,-0.21548894456787052,2.121320343559643
МО_0331,0.027774686539611605,0.08435481085907472,0.4978169465601621,0.49781694656016434,-0.1287860863316958,0.09834960482325689,0.09099880216478269,-0.1108310122219213,-0.0020494404183266173,-0.008320234713057461,0.0
МО_0332,0.017827527366423814,0.07845777289523095,0.5212542362586119,0.521254236258612,-0.12859626333413282,0.0978457649340375,0.075997792425619,-0.11135490735153827,0.0078111165750564095,0.32472821621106845,0.0
МО_0333,-0.9331117810655608,-0.8953398572037828,-0.5563781267262381,-0.5563781267262339,0.08671202767265006,-0.3293200994726669,-0.34605433541206204,0.2597618226138652,-0.20321607556081764,0.8819360445400939,0.0
МО_0334,0.013705443454327889,0.08658517579237836,0.6165112858568389,0.6165112858568417,-0.08698437364950316,0.12371424321802318,0.12012117936446577,-0.10669284465568006,0.043634476611666466,-0.09445210057987301,1.060660171779821
МО_0335,-0.9345995372362942,-0.8724596598506479,-0.3605819714209433,-0.36058197142093823,0.03107637144849447,-0.31842699877806835,-0.22428621634957233,0.30100765942310387,-0.15291425247430054,0.06071446136353398,0.35355339059327373
МО_0336,-0.925880007046477,-0.8614750942564582,-0.33406752310042903,-0.3340675231004291,0.14218632852478896,-0.39998401644707154,-0.2340095449723006,0.3695515329441472,-0.22016700008405932,0.3786687825048642,0.7071067811865475
МО_0337,0.025456102643156578,0.08837777244219462,0.5469581410858941,0.546958141085898,-0.06296766908363018,0.1769442981082315,0.08589952271201289,-0.16635262796277012,0.08446720221407418,-0.45631188756152136,0.0
МО_0338,0.1520949001778279,0.13945154177099614,0.054340538387418515,0.054340538387416364,-0.1811684821569722,-0.18993819608551277,0.13430863189098677,0.18753954724900093,-0.24216779994886725,-0.47442012253617316,0.0
МО_0339,-0.930381967272416,-0.9098653980116426,-0.653730081352108,-0.6537300813521045,0.158570669258119,-0.42767194427239374,-0.31097773302685267,0.452941279433525,-0.2201892077365362,1.1437678416341057,0.0
МО_0340,-0.5718675551878639,-0.5106042950770538,-0.027175761051715496,-0.027175761051715486,0.3837604910689678,0.4225742133311856,-0.7409142633399171,-0.4440972680093407,0.7971391558565236,0.44851361261458933,0.0
МО_0341,0.022285578883866484,0.09105210975259838,0.5912802933817611,0.5912802933817637,-0.094621810066371,0.18410157466120872,0.10098392930417917,-0.2055469799237631,0.13149210207410042,0.2062420008829298,0.0
МО_0342,-0.5585347067373438,-0.5026227506553957,-0.05796442945024144,-0.057964429450241745,0.40195488497465787,0.33825308861718456,-0.6936963585278716,-0.3270105106965776,0.6559973467983017,0.2031531412428842,0.7071067811865475
МО_0343,-0.5434743574022876,-0.49053027728035686,-0.06784406715048874,-0.06784406715048945,0.3619840202309322,0.3498014056665127,-0.7044945517771682,-0.33536425115420854,0.6975386657953085,0.290614626481968,0.0
МО_0344,-0.9354823245621517,-0.8974044750328027,-0.5561277376041857,-0.556127737604184,0.11286406141329662,-0.3365873555113582,-0.26888106250623584,0.31510740882606014,-0.11227534843577748,0.021014633696301886,0.0
МО_0345,0.029521391036071914,0.09790796461243145,0.5949978935916579,0.5949978935916564,-0.06286576397274707,0.196940895410425,0.09263988584875854,-0.2251111349740538,0.10789173733135658,-0.02077877490991898,0.0
МО_0346,-0.9534392477191567,-0.9201063625947946,-0.6241823615247365,-0.6241823615247304,0.1662468770359884,-0.4117002387006644,-0.18494380877838812,0.3579393209108795,-0.034436942846041305,0.30950900126930114,0.7071067811865475
МО_0347,-0.9138028093163617,-0.8567355329429095,-0.38210887549287925,-0.3821088754928745,0.09646049127046082,-0.36910562379579676,-0.3267905941159754,0.32994792849220184,-0.2603293604476948,0.324707551366483,0.0
МО_0348,0.16207362432535963,0.1399507455324636,-0.013003433718627467,-0.013003433718629092,-0.17092629705052173,-0.2196494848203013,0.12248050199959397,0.21958294632504927,-0.23423559837118482,-0.06249760144831646,0.7071067811865475
МО_0349,0.1443981253925462,0.13802162591067943,0.09782878673166265,0.09782878673166115,-0.15985815832015826,-0.1670399884353031,0.13583324849164918,0.15881114876120914,-0.30926041390347153,-0.33115681347063536,0.7071067811865475
МО_0350,-0.5678037142160027,-0.5141379386788747,-0.08484209834348555,-0.08484209834348712,0.38541686877097464,0.3481301927980726,-0.7050176068162513,-0.40915165122662805,0.7590494398542593,-0.27105543773138147,0.7071067811865475
МО_0351,0.15582944742591648,0.14370950737873345,0.0620818514254179,0.06208185142541618,-0.16289895241072722,-0.21921620691026622,0.1128375127333138,0.21459244385706058,-0.19174502821963016,-0.05406683107162225,0.0
МО_0352,0.017279025650520828,0.08098907792266377,0.5456620643892061,0.5456620643892045,-0.11043023168806176,0.1998452912427148,0.07128803467398834,-0.2277350190448036,0.11576052284353688,-0.3299796786225895,0.0
МО_0353,0.026236777096303062,0.08894903859041171,0.5459963735495825,0.545996373549582,-0.14360542467020676,0.1629401003182031,-0.019931165673451424,-0.14852775224823248,0.16617970813792182,-0.22382073739021505,0.7071067811865475
МО_0354,-0.949256449974409,-0.9000087081148807,-0.4786675533113794,-0.4786675533113753,0.14026706604460729,-0.385557437638585,-0.33379449767469993,0.32478619571568224,-0.18211601469399316,0.5713069691234828,1.060660171779821
МО_0355,-0.9213582926973816,-0.8717576071701797,-0.44962315519093127,-0.4496231551909265,0.138497894429981,-0.3692760006990798,-0.24711731265411463,0.28855263477175114,0.013177341190097797,1.0337242346962463,0.0
МО_0356,0.15100344270498592,0.14121099897730927,0.07638642598806539,0.07638642598806505,-0.13887604695581374,-0.19560068587427,0.1449819437561451,0.20330552889404677,-0.2715906749673271,-0.07858217663054089,0.0
МО_0357,-0.9413179431369021,-0.9052201774676792,-0.5776291172588305,-0.5776291172588292,0.1140823076867046,-0.3453067153580169,-0.3169742977871952,0.2905239948095973,-0.0476506308547226,0.3680572842011676,0.0
МО_0358,0.16459758855848955,0.1516829976049008,0.09754706984934511,0.09754706984934261,-0.1660428850375985,-0.18116775664873042,0.14778303140815113,0.15131063334159378,-0.20595933371653097,-0.40668725612246487,0.0
МО_0359,-0.5641199789715471,-0.5176526458750206,-0.13963607698807878,-0.13963607698807648,0.3852510841726719,0.28304872690788785,-0.6879680081806918,-0.29983292056459,0.6915639146838425,0.560179943913334,0.0
МО_0360,-0.9556462009555335,-0.8737524370660134,-0.2204843563408431,-0.22048435634084157,0.06188240498981934,-0.362285844854899,-0.18540781777245807,0.27947886882062883,-0.31968042316454365,0.13607680509891076,0.0
МО_0361,-0.9260734282117108,-0.8803079360638413,-0.4850848243519691,-0.4850848243519636,0.15256161330979534,-0.314176193355846,-0.27314452042621107,0.31564535220454853,-0.12295547648695401,0.4764379694689137,0.7071067811865475
МО_0362,0.160929434560833,0.14732842724880657,0.05488402245884215,0.05488402245883952,-0.12384057706021813,-0.23915274633006953,0.11997981781004995,0.24100772671587606,-0.3351702953565892,-0.5657791740722868,0.0
МО_0363,-0.9401754225777814,-0.8701053325091188,-0.30164247015354245,-0.3016424701535403,0.04122946856972609,-0.28961695541371024,-0.1772560310893066,0.18190181623678953,-0.07495042082403647,0.6999046088423717,1.060660171779821
МО_0364,0.15314942062089124,0.13849201318223328,0.039032143324902936,0.03903214332489994,-0.15730095540228156,-0.19641303946764682,0.11408686862493023,0.16620137537771973,-0.13628203608107356,-0.007625252001964585,0.7071067811865475
МО_0365,-0.5751377033112015,-0.5215259145921707,-0.09216346299987349,-0.09216346299987006,0.36132331110556193,0.4043346830690783,-0.6460576016565429,-0.4273208856650144,0.6872953999656914,0.5329048446421294,0.7071067811865475
МО_0366,0.005182311832949887,0.0627320041811458,0.48445529635608897,0.48445529635609036,-0.1172476618023526,0.14283767513824383,0.035882456621358895,-0.14344106186794792,0.15061911897779434,0.15194755156060763,1.414213562373095
МО_0367,0.02235313064200026,0.09163029994612946,0.595475942952821,0.5954759429528245,-0.025649655461675077,0.12606711298840884,0.10472068250830312,-0.11972848660304224,-0.0007749824468082076,0.49581172128342604,0.0
МО_0368,0.16517709177914652,0.14179984624203257,-0.025957016809834157,-0.02595701680983366,-0.20745080034289035,-0.16256614200661662,0.09480593828938956,0.1563814107008141,-0.20503838617926434,-0.6109982783952363,0.0
МО_0369,-0.9151351144685254,-0.8616945553992552,-0.4127079983206732,-0.4127079983206717,0.018688299675196578,-0.29953398600528375,-0.24028966775349472,0.2689190731575681,-0.3703361903280435,0.5783478442192158,1.414213562373095
МО_0370,0.005339994489151697,0.07399642135799768,0.5744823133198764,0.5744823133198775,-0.052069803498650244,0.2014648070184808,0.1108929763838094,-0.22749511503282893,0.021360433064842557,-0.31146560200709883,0.0
МО_0371,-0.5757454484791619,-0.5268315100840989,-0.1307503612208874,-0.1307503612208871,0.3236122979144993,0.2502022806577221,-0.6611753667214091,-0.2547723389125198,0.5550530756427247,-0.02541102277686579,0.7071067811865475
МО_0372,0.011860710810441396,0.07712543791628469,0.5531567303635405,0.5531567303635399,-0.07259365776878379,0.18254907112828375,0.05998271701243941,-0.14769897401055077,0.23395057434175887,-0.20282439066596394,0.0
МО_0373,0.03073256299294892,0.10810129561922037,0.6688211347369509,0.6688211347369529,-0.15038452608181221,0.1579206331075485,0.1075812273748578,-0.16831146468311137,0.0850603622853552,0.1617971426631629,1.060660171779821
МО_0374,-0.9275625378789121,-0.8831867913311005,-0.49772890084046784,-0.4977289008404617,0.12041274221675735,-0.3580805173628065,-0.2867380984382528,0.272953940587216,0.03963854075593985,0.1009104564859045,0.0
МО_0375,0.1473089735225768,0.13703417273270066,0.06901501485212463,0.06901501485212483,-0.19193287994199823,-0.17788997478126328,0.10302932916882694,0.1515612429292353,-0.21542056701128298,-0.09092676914139244,0.0
МО_0376,-0.573105067818341,-0.5169973165181911,-0.07005733672204612,-0.07005733672204582,0.3703666828125913,0.3321799365113564,-0.6831367045462227,-0.3646011770042335,0.7301933772848029,0.5896148096256256,0.7071067811865475
МО_0377,-0.5628952101959915,-0.5166915337147344,-0.14061996230183724,-0.14061996230183338,0.5330102478643162,0.44483901125145947,-0.732416323446164,-0.3699611463319883,0.9245996052952161,0.4921764271414414,0.7071067811865475
МО_0378,0.008888790024926298,0.07435891361877121,0.5520290887277867,0.55202908872779,-0.06942741204765458,0.227428458013458,0.05741648413166963,-0.20083985213697536,0.1681334726294376,-0.5718596437390464,0.0
МО_0379,0.009095766113460507,0.0769326654516028,0.5713760323712137,0.5713760323712149,-0.10030307241297623,0.17975442683350776,0.09405537838192361,-0.19721286974957541,0.11327765893935877,-0.8927423548351329,0.0
МО_0380,0.1487974538397986,0.1390553298237054,0.0747228447423708,0.07472284474237291,-0.14576968224715448,-0.20264355079407168,0.17339975949244896,0.1516226182370149,-0.3181401347141833,-0.1227985038917845,0.0
МО_0381,-0.9573954770747495,-0.8981170809257674,-0.40513670015510905,-0.40513670015510417,0.16800063696816583,-0.3891960046552558,-0.2224213210181691,0.35506133096404613,-0.23577341763331694,-0.8927423548351329,0.0
МО_0382,-0.9224998422815219,-0.8603027892423059,-0.34876118707399,-0.3487611870739896,0.1381980581414854,-0.2967059385028184,-0.2704622834571318,0.11831811470199137,-0.04909683821122593,0.12323722745686912,1.414213562373095
МО_0383,0.15597044443859728,0.1341026223526616,-0.0166685536276516,-0.016668553627648748,-0.1963940157488481,-0.19510625112213745,0.12744158528424113,0.15903504953626132,-0.2498759631105059,-0.38822612646476196,0.0
МО_0384,0.1484265850558779,0.13615742384632457,0.053925170117467586,0.0539251701174689,-0.160950296755031,-0.20311768886916134,0.12693953250418655,0.18110087242511178,-0.2785867054854166,-0.2969910180530813,0.7071067811865475
МО_0385,0.0267547568294344,0.07841191662453201,0.4570214356242515,0.4570214356242525,0.2483543459053636,-0.3604280213584032,-0.10946375206107838,0.360487778668307,-0.6575081479852469,4.685006990253535,0.0
МО_0386,-0.5646967179532622,-0.5141807531350444,-0.10741473561651926,-0.10741473561651765,0.3219538570463142,-0.3418831215415896,-0.09162401238417507,0.20881156428345082,-0.6603563453292653,6.211183669596608,0.0
МО_0387,-0.9678472859860324,-0.867065022021212,0.13639944127897063,0.13639944127896686,0.2998018701856139,-0.20751911919582566,-0.09132333192348058,0.38175563814237534,-0.12565819212768953,4.791222832938792,0.0
МО_0388,-0.6780661448839319,-0.6266097437012955,-0.20622543437901833,-0.20622543437901844,0.23068180166892469,-0.187239796766557,0.18223196005517187,0.041319621670346154,-0.6603563453292653,3.120854821921075,0.0
МО_0389,-0.9678472859860324,-0.9201063625947946,-0.267124612339872,-0.2671246123398671,0.4619612184293647,-0.0926023673936184,0.18223196005517187,-0.1555883479684408,-0.6603563453292653,3.4297477342561926,0.0
МО_0390,-0.4404987725836087,-0.35146819258604084,0.32084280969340284,0.32084280969340745,0.3001311182288247,-0.08755121707895258,-0.0012928010664600383,0.16194157997033057,-0.3822522294635596,3.593910976476121,0.0
МО_0391,-0.6680823195971778,-0.5490886358209353,0.3496782553255397,0.3496782553255442,0.20123863080200272,-0.258439911921751,0.007528465355844118,0.13779351194049652,-0.518624546548368,1.7837406816760906,0.7071067811865475
МО_0392,0.0942540009984026,0.051566029674300864,-0.24308522172521602,-0.24308522172521493,0.13638761174047895,-0.29881842974753353,0.18223196005517187,0.2723234579808329,-0.29530218300628697,4.290919267575642,0.0
МО_0393,-0.9678472859860324,-0.9200574400833319,-0.10162307586439166,-0.10162307586439105,0.2868799338600841,0.10132109541973565,-0.2582425719945037,0.014029161403589435,0.24558933678209316,5.368445166987484,0.0
МО_0394,0.017051254706853553,-0.05156602967430087,-0.5253839067309141,-0.5253839067309122,0.26356008662362873,-0.26578989217877014,-0.1930661662572441,0.25405074503025954,0.44583483633155235,5.454183633406773,1.414213562373095
МО_0395,-0.3488346041402759,-0.3833604387024917,-0.5929663895611327,-0.5929663895611307,0.2903223709825296,-0.06072712342482774,-0.35087742940325845,0.25599511496324495,0.13077761885015898,3.3880891507179673,0.0
МО_0396,-0.7846644946521328,-0.6933117842407062,0.016562451287537396,0.016562451287534575,0.29264193864665117,-0.07503113210140372,-0.36104445092934695,0.15908887468550012,0.7090765941508161,5.940413032536742,0.7071067811865475
МО_0397,-0.6745811080173735,-0.6224097963646354,-0.19716872807108665,-0.19716872807108432,0.4338710022519416,-0.4366403506673301,-0.1507168204596422,0.25149355133186685,-0.3750065680635528,6.263052465284279,0.0
МО_0398,-0.4760382458022768,-0.41562023057499675,0.055940175649917524,0.0559401756499198,0.31478346800660073,-0.3902640216879638,0.18223196005517187,0.45374029786820513,-0.6603563453292653,4.8904769570003515,0.0
МО_0399,-0.9678472859860324,-0.9201063625947946,-0.22723499568700956,-0.2272349956870085,0.23568975240461973,-0.2939357838778796,-0.08307690081409295,0.3215545430957338,-0.14087895922214475,3.8838968808364123,0.0
