k,method,silhouette,CH,DB,min_share,ari_mean,ari_std,gmm_cov,BIC,AIC
2,kmeans,0.6673829827609409,234.95014080747043,0.5624036309067436,0.04271356783919598,0.8673463969102111,0.33820284644618853,,,
2,ward,0.6673829827609409,234.95014080747043,0.5624036309067436,0.04271356783919598,0.8543351370321914,0.3342173402906261,,,
2,gmm,0.3847895527601565,175.01388052284673,1.1900586305382692,0.4899497487437186,0.9746569223205857,0.13647665002365814,full,-12635.850761172782,-13253.750821991869
3,kmeans,0.4433806551883799,338.4199926245517,0.8982469383378765,0.04271356783919598,1.0,0.0,,,
3,ward,0.4433806551883799,338.4199926245517,0.8982469383378765,0.04271356783919598,0.9976381993388888,0.005035342185725026,,,
3,gmm,0.44261740368298946,330.12395260969424,0.9083142643730594,0.04522613065326633,0.9597280452240854,0.14792452442023465,full,-14031.400324904964,-14960.243642136238
4,kmeans,0.5096699100054356,389.4039487990068,0.7609732066927933,0.04271356783919598,1.0,0.0,,,
4,ward,0.504851006430939,377.44951499441646,0.7910361506573025,0.04271356783919598,0.9950314912370126,0.007511614866915765,,,
4,gmm,0.508775901955682,376.7359997470473,0.7660170089673497,0.04522613065326633,0.7741019309934065,0.22676538215703573,full,-14601.374698846417,-15841.161272489877
5,kmeans,0.47754882630619977,375.1544757522761,0.8406726512387145,0.04271356783919598,1.0,0.0,,,
5,ward,0.4710344858815211,362.0125713336786,0.8561137876431968,0.04271356783919598,0.9935932892207081,0.009679643682040186,,,
5,gmm,0.4767944757551846,361.2322658920609,0.8447076930583595,0.04522613065326633,0.8196393664537924,0.16856595640239758,full,-15076.725675402933,-16627.45550545858
6,kmeans,0.47750346857473375,358.55586615762286,0.8772049133182231,0.04271356783919598,0.9779624453079485,0.029935518592684184,,,
6,ward,0.45180628495215014,335.96453683497856,0.8850761246858587,0.04271356783919598,0.9774377148502869,0.027404853829627297,,,
6,gmm,0.41486431950203656,323.5916865035603,1.0136226942120259,0.04271356783919598,0.7842432861997916,0.1394249699440458,full,-15193.941959450865,-17055.615045918697
7,kmeans,0.4717568579217128,344.4838349811919,0.9562620935619562,0.020100502512562814,0.8948634496736775,0.06285061614530017,,,
7,ward,0.4347623442902746,324.5758907638664,0.9712854537548417,0.04271356783919598,0.9328005308756815,0.05326311264813648,,,
7,gmm,0.48270924945900145,321.31597729648917,0.8677412441476521,0.020100502512562814,0.765561037267325,0.1226923576916073,full,-15308.835539553073,-17481.45188243309
8,kmeans,0.48946639539536374,341.9076449117592,0.8903620629331023,0.020100502512562814,0.8851299331686275,0.07441585644629488,,,
8,ward,0.45053107925719993,319.1521807314376,0.9062723887906483,0.04271356783919598,0.9194606598870876,0.06445348129904505,,,
8,gmm,0.46863759056700727,336.9247761276009,0.9079828895534066,0.020100502512562814,0.8299171670298126,0.1303794184181215,full,-15664.359637871179,-18147.919237163384
9,kmeans,0.4520802699920221,344.36157535988644,0.957229368618944,0.020100502512562814,0.8942329108003265,0.07068232324986017,,,
9,ward,0.4430275616842066,320.37144473885525,0.9695955332393841,0.01256281407035176,0.920059492485205,0.05296787255122626,,,
9,gmm,0.44423131858938397,340.94307054580526,0.9668231367094644,0.020100502512562814,0.865237291076241,0.07874045682112123,full,-15976.197268046562,-18770.700123750954
10,kmeans,0.44997523492652597,350.5933013982794,0.8984888488204457,0.020100502512562814,0.9307606082001041,0.05998101509265287,,,
10,ward,0.4425522801375078,318.7925202320792,0.911351428267599,0.01256281407035176,0.913861587328259,0.07241801310782492,,,
10,gmm,0.455524962318028,326.37301152781714,0.9506884367627219,0.020100502512562814,0.859403125397314,0.08352764189417343,full,-15667.591078575908,-18773.037190692485
