mo,federal_district,subject,pop_2023,pop_2024,pop_change,small,mo_type
МО_0000,Центральный,Субъект_A,15908,15327,-0.03652250440030169,False,другое
МО_0001,Северо-Западный,Субъект_B,34645,34456,-0.0054553326598354435,False,другое
МО_0002,Южный,Субъект_C,37405,36058,-0.03601122844539495,False,другое
МО_0003,Приволжский,Субъект_D,951,957,0.006309148264984188,True,другое
МО_0004,Центральный,Субъект_A,36045,35729,-0.00876681925371059,False,другое
МО_0005,Северо-Западный,Субъект_B,49092,47156,-0.03943616067791089,False,другое
МО_0006,Южный,Субъект_C,11660,11969,0.026500857632933084,False,другое
МО_0007,Приволжский,Субъект_D,6926,7028,0.01472711521801906,False,другое
МО_0008,Центральный,Субъект_A,32962,33151,0.0057338753716400515,False,другое
МО_0009,Северо-Западный,Субъект_B,44759,43102,-0.037020487499720756,False,другое
МО_0010,Южный,Субъект_C,41558,41132,-0.01025073391404785,False,другое
МО_0011,Приволжский,Субъект_D,33113,31731,-0.04173587412798596,False,другое
МО_0012,Центральный,Субъект_A,33522,32248,-0.03800489230952808,False,другое
МО_0013,Северо-Западный,Субъект_B,27282,27813,0.019463382449967037,False,другое
МО_0014,Южный,Субъект_C,31882,31972,0.002822909478702673,False,другое
МО_0015,Приволжский,Субъект_D,37705,38746,0.02760907041506422,False,другое
МО_0016,Центральный,Субъект_A,2292,2202,-0.03926701570680624,True,другое
МО_0017,Северо-Западный,Субъект_B,19936,20494,0.02798956661316221,False,другое
МО_0018,Южный,Субъект_C,12011,12151,0.01165598201648499,False,другое
МО_0019,Приволжский,Субъект_D,21385,21695,0.014496142155716596,False,другое
МО_0020,Центральный,Субъект_A,46860,46960,0.0021340162185232714,False,другое
МО_0021,Северо-Западный,Субъект_B,5219,5094,-0.023950948457558963,False,другое
МО_0022,Южный,Субъект_C,14585,14961,0.02577991086732956,False,другое
МО_0023,Приволжский,Субъект_D,24672,24147,-0.021279182879377467,False,другое
МО_0024,Центральный,Субъект_A,43100,42232,-0.02013921113689099,False,другое
МО_0025,Северо-Западный,Субъект_B,22160,21630,-0.023916967509025278,False,другое
МО_0026,Южный,Субъект_C,15235,15522,0.01883820150968174,False,другое
МО_0027,Приволжский,Субъект_D,22139,21804,-0.015131668097023376,False,другое
МО_0028,Центральный,Субъект_A,1020,1045,0.02450980392156854,True,другое
МО_0029,Северо-Западный,Субъект_B,6974,6876,-0.014052193862919449,False,другое
МО_0030,Южный,Субъект_C,27360,26675,-0.025036549707602385,False,другое
МО_0031,Приволжский,Субъект_D,1402,1357,-0.032097004279600605,True,другое
МО_0032,Центральный,Субъект_A,4158,3980,-0.04280904280904285,False,другое
МО_0033,Северо-Западный,Субъект_B,2955,2845,-0.0372250423011844,True,другое
МО_0034,Южный,Субъект_C,6771,6596,-0.02584551764879639,False,другое
МО_0035,Приволжский,Субъект_D,14920,15308,0.0260053619302949,False,другое
МО_0036,Центральный,Субъект_A,1045,1003,-0.04019138755980867,True,другое
МО_0037,Северо-Западный,Субъект_B,14543,14839,0.020353434642095936,False,другое
МО_0038,Южный,Субъект_C,19465,18657,-0.041510403287952746,False,другое
МО_0039,Приволжский,Субъект_D,24779,25214,0.017555187860688548,False,другое
МО_0040,Центральный,Субъект_A,24438,24304,-0.005483263769539226,False,другое
МО_0041,Северо-Западный,Субъект_B,13558,13677,0.008777105767812321,False,другое
МО_0042,Южный,Субъект_C,10912,10961,0.0044904692082110564,False,другое
МО_0043,Приволжский,Субъект_D,34712,33104,-0.046324037796727335,False,другое
МО_0044,Центральный,Субъект_A,18428,17518,-0.049381376166702795,False,другое
МО_0045,Северо-Западный,Субъект_B,19426,18954,-0.024297333470606364,False,другое
МО_0046,Южный,Субъект_C,41356,39744,-0.038978624625205516,False,другое
МО_0047,Приволжский,Субъект_D,33700,34497,0.02364985163204758,False,другое
МО_0048,Центральный,Субъект_A,26168,24877,-0.04933506572913482,False,другое
МО_0049,Северо-Западный,Субъект_B,4798,4718,-0.01667361400583578,False,другое
МО_0050,Южный,Субъект_C,3279,3292,0.003964623360780628,False,другое
МО_0051,Приволжский,Субъект_D,1246,1273,0.021669341894061,True,другое
МО_0052,Центральный,Субъект_A,24066,22947,-0.04649713288456747,False,другое
МО_0053,Северо-Западный,Субъект_B,8067,7890,-0.021941242097433977,False,другое
МО_0054,Южный,Субъект_C,17336,16940,-0.022842639593908642,False,другое
МО_0055,Приволжский,Субъект_D,14849,15045,0.01319954205670415,False,другое
МО_0056,Центральный,Субъект_A,24640,24034,-0.024594155844155807,False,другое
МО_0057,Северо-Западный,Субъект_B,45372,43635,-0.03828352287754566,False,другое
МО_0058,Южный,Субъект_C,37351,37158,-0.005167197665390533,False,другое
МО_0059,Приволжский,Субъект_D,18058,17934,-0.0068667626536714765,False,другое
МО_0060,Центральный,Субъект_A,19066,18277,-0.04138256582397981,False,другое
МО_0061,Северо-Западный,Субъект_B,39563,40453,0.022495766246240168,False,другое
МО_0062,Южный,Субъект_C,47696,48464,0.01610197920161016,False,другое
МО_0063,Приволжский,Субъект_D,44170,42479,-0.03828390310165275,False,другое
МО_0064,Центральный,Субъект_A,44692,44258,-0.009710910230018799,False,другое
МО_0065,Северо-Западный,Субъект_B,47927,48933,0.020990256014355113,False,другое
МО_0066,Южный,Субъект_C,16236,15670,-0.03486080315348605,False,другое
МО_0067,Приволжский,Субъект_D,12472,12533,0.004890955740859626,False,другое
МО_0068,Центральный,Субъект_A,11387,10898,-0.04294370773689293,False,другое
МО_0069,Северо-Западный,Субъект_B,26280,25529,-0.028576864535768687,False,другое
МО_0070,Южный,Субъект_C,36752,36857,0.0028569873748367502,False,другое
МО_0071,Приволжский,Субъект_D,29767,29730,-0.001242987200591239,False,другое
МО_0072,Центральный,Субъект_A,43715,42273,-0.03298638911128904,False,другое
МО_0073,Северо-Западный,Субъект_B,14438,13767,-0.04647458096689294,False,другое
МО_0074,Южный,Субъект_C,2933,2807,-0.042959427207637235,True,другое
МО_0075,Приволжский,Субъект_D,34774,34004,-0.02214298038764595,False,другое
МО_0076,Центральный,Субъект_A,29200,28307,-0.030582191780821888,False,другое
МО_0077,Северо-Западный,Субъект_B,27094,27795,0.025872886986048504,False,другое
МО_0078,Южный,Субъект_C,11355,10895,-0.04051078819903131,False,другое
МО_0079,Приволжский,Субъект_D,31094,30712,-0.012285328359168957,False,другое
МО_0081,Северо-Западный,Субъект_B,18082,17321,-0.04208605242782881,False,другое
МО_0082,Южный,Субъект_C,46087,46298,0.00457829756764383,False,другое
МО_0083,Приволжский,Субъект_D,49817,50550,0.01471385270088521,False,другое
МО_0084,Центральный,Субъект_A,31628,31694,0.00208675856835705,False,другое
МО_0085,Северо-Западный,Субъект_B,44878,44146,-0.016310887294442744,False,другое
МО_0086,Южный,Субъект_C,38584,38163,-0.010911258552767977,False,другое
МО_0087,Приволжский,Субъект_D,32120,31974,-0.004545454545454519,False,другое
МО_0088,Центральный,Субъект_A,35232,34912,-0.009082652134423275,False,другое
МО_0089,Северо-Западный,Субъект_B,21397,20768,-0.029396644389400373,False,другое
МО_0090,Южный,Субъект_C,10675,10447,-0.02135831381733022,False,другое
МО_0091,Приволжский,Субъект_D,37991,37359,-0.01663551893869597,False,другое
МО_0092,Центральный,Субъект_A,959,911,-0.05005213764337857,True,другое
МО_0093,Северо-Западный,Субъект_B,1357,1365,0.005895357406042745,True,другое
МО_0094,Южный,Субъект_C,28468,28324,-0.00505831108613175,False,другое
МО_0095,Приволжский,Субъект_D,2368,2249,-0.0502533783783784,True,другое
МО_0096,Центральный,Субъект_A,34829,33253,-0.04524964828160438,False,другое
МО_0097,Северо-Западный,Субъект_B,2719,2757,0.013975726369988895,True,другое
МО_0098,Южный,Субъект_C,35073,35333,0.007413109799560891,False,другое
МО_0099,Приволжский,Субъект_D,30948,31151,0.006559389944422955,False,другое
МО_0100,Центральный,Субъект_A,33319,33624,0.009153936192562773,False,другое
МО_0101,Северо-Западный,Субъект_B,22626,22830,0.009016176080615113,False,другое
МО_0102,Южный,Субъект_C,36356,34753,-0.04409175926944653,False,другое
МО_0103,Приволжский,Субъект_D,22111,21644,-0.021120709149292205,False,другое
МО_0104,Центральный,Субъект_A,3631,3602,-0.007986780501239354,False,другое
МО_0105,Северо-Западный,Субъект_B,45063,44016,-0.02323413887224557,False,другое
МО_0106,Южный,Субъект_C,38249,37178,-0.028000732045282195,False,другое
МО_0107,Приволжский,Субъект_D,44238,42908,-0.030064650300646534,False,другое
МО_0108,Центральный,Субъект_A,39181,39794,0.015645338301727874,False,другое
МО_0109,Северо-Западный,Субъект_B,4061,3974,-0.0214232947549865,False,другое
МО_0110,Южный,Субъект_C,9268,9101,-0.01801899007337071,False,другое
МО_0111,Приволжский,Субъект_D,49834,47355,-0.04974515391098444,False,другое
МО_0112,Центральный,Субъект_A,15325,14847,-0.031190864600326274,False,другое
МО_0113,Северо-Западный,Субъект_B,38257,37304,-0.02491047390020129,False,другое
МО_0114,Южный,Субъект_C,17213,17434,0.012839133213269127,False,другое
МО_0115,Приволжский,Субъект_D,48952,48027,-0.018896061447948975,False,другое
МО_0116,Центральный,Субъект_A,2844,2710,-0.04711673699015473,True,другое
МО_0117,Северо-Западный,Субъект_B,31491,31907,0.013210123527356954,False,другое
МО_0118,Южный,Субъект_C,46567,47897,0.02856099813172408,False,другое
МО_0119,Приволжский,Субъект_D,37346,36422,-0.024741605526696353,False,другое
МО_0120,Центральный,Субъект_A,45552,45794,0.005312609764664522,False,другое
МО_0121,Северо-Западный,Субъект_B,9156,9348,0.02096985583224109,False,другое
МО_0122,Южный,Субъект_C,15674,15405,-0.01716217940538467,False,другое
МО_0123,Приволжский,Субъект_D,22899,23428,0.023101445477968552,False,другое
МО_0124,Центральный,Субъект_A,19106,19429,0.016905684078299954,False,другое
МО_0125,Северо-Западный,Субъект_B,5985,5717,-0.04477861319966581,False,другое
МО_0126,Южный,Субъект_C,48337,46861,-0.030535614539586642,False,другое
МО_0127,Приволжский,Субъект_D,41940,41266,-0.016070577014782983,False,другое
МО_0128,Центральный,Субъект_A,15392,15204,-0.012214137214137222,False,другое
МО_0129,Северо-Западный,Субъект_B,12001,12159,0.013165569535872113,False,другое
МО_0130,Южный,Субъект_C,14927,14447,-0.032156494942051306,False,другое
МО_0131,Приволжский,Субъект_D,36015,36668,0.018131334166319624,False,другое
МО_0132,Центральный,Субъект_A,34977,34917,-0.0017154129856763456,False,другое
МО_0133,Северо-Западный,Субъект_B,15159,14628,-0.03502869582426282,False,другое
МО_0134,Южный,Субъект_C,18030,17322,-0.039267886855241296,False,другое
МО_0135,Приволжский,Субъект_D,8150,8048,-0.0125153374233129,False,другое
МО_0136,Центральный,Субъект_A,37336,35607,-0.04630919220055707,False,другое
МО_0137,Северо-Западный,Субъект_B,41650,41804,0.00369747899159667,False,другое
МО_0138,Южный,Субъект_C,49200,50062,0.017520325203252085,False,другое
МО_0139,Приволжский,Субъект_D,39320,40359,0.02642421159715158,False,другое
МО_0140,Центральный,Субъект_A,22190,21434,-0.03406940063091479,False,другое
МО_0141,Северо-Западный,Субъект_B,16857,17214,0.02117814557750486,False,другое
МО_0142,Южный,Субъект_C,9664,9870,0.021316225165562974,False,другое
МО_0143,Приволжский,Субъект_D,14614,14030,-0.0399616805802655,False,другое
МО_0144,Центральный,Субъект_A,25201,24556,-0.025594222451490012,False,другое
МО_0145,Северо-Западный,Субъект_B,3468,3529,0.01758938869665516,False,другое
МО_0146,Южный,Субъект_C,37830,36990,-0.022204599524187185,False,другое
МО_0147,Приволжский,Субъект_D,40947,41080,0.003248101203995324,False,другое
МО_0148,Центральный,Субъект_A,3531,3563,0.00906258850184094,False,другое
МО_0149,Северо-Западный,Субъект_B,43000,42855,-0.0033720930232558066,False,другое
МО_0150,Южный,Субъект_C,21488,22110,0.028946388682055124,False,другое
МО_0151,Приволжский,Субъект_D,40869,40698,-0.004184100418409997,False,другое
МО_0152,Центральный,Субъект_A,12627,12612,-0.001187930624851563,False,другое
МО_0153,Северо-Западный,Субъект_B,46204,47106,0.019522119297030516,False,другое
МО_0154,Южный,Субъект_C,27680,27635,-0.0016257225433525813,False,другое
МО_0155,Приволжский,Субъект_D,7197,6907,-0.040294567180769736,False,другое
МО_0156,Центральный,Субъект_A,25640,25800,0.006240249609984483,False,другое
МО_0157,Северо-Западный,Субъект_B,9439,8987,-0.047886428647102464,False,другое
МО_0158,Южный,Субъект_C,7039,6962,-0.010939053842875412,False,другое
МО_0159,Приволжский,Субъект_D,31404,32343,0.02990064959877725,False,другое
МО_0160,Центральный,Субъект_A,28836,29037,0.006970453599667081,False,другое
МО_0161,Северо-Западный,Субъект_B,4440,4341,-0.022297297297297347,False,другое
МО_0162,Южный,Субъект_C,42505,42110,-0.009293024350076506,False,другое
МО_0163,Приволжский,Субъект_D,20280,19943,-0.01661735700197242,False,другое
МО_0164,Центральный,Субъект_A,48726,49436,0.014571276115420861,False,другое
МО_0165,Северо-Западный,Субъект_B,38342,37111,-0.03210578477909343,False,другое
МО_0166,Южный,Субъект_C,26536,26441,-0.0035800422068134052,False,другое
МО_0167,Приволжский,Субъект_D,17822,16935,-0.04976994725620021,False,другое
МО_0168,Центральный,Субъект_A,11294,10942,-0.0311669913228263,False,другое
МО_0169,Северо-Западный,Субъект_B,19766,19364,-0.020337954062531582,False,другое
МО_0170,Южный,Субъект_C,10060,10272,0.021073558648111224,False,другое
МО_0171,Приволжский,Субъект_D,38090,38760,0.01758991861380932,False,другое
МО_0172,Центральный,Субъект_A,19698,19588,-0.005584323281551451,False,другое
МО_0173,Северо-Западный,Субъект_B,30429,29366,-0.034933780275395176,False,другое
МО_0174,Южный,Субъект_C,876,897,0.023972602739726012,True,другое
МО_0175,Приволжский,Субъект_D,26775,27427,0.024351073762838515,False,другое
МО_0176,Центральный,Субъект_A,30406,29640,-0.025192396237584735,False,другое
МО_0177,Северо-Западный,Субъект_B,13783,13945,0.011753609518972752,False,другое
МО_0178,Южный,Субъект_C,35969,36978,0.028051933609497093,False,другое
МО_0179,Приволжский,Субъект_D,38465,39471,0.02615364617184457,False,другое
МО_0180,Центральный,Субъект_A,1399,1372,-0.019299499642601914,True,другое
МО_0181,Северо-Западный,Субъект_B,48543,48231,-0.0064272912675360505,False,другое
МО_0182,Южный,Субъект_C,41980,41777,-0.004835636017150979,False,другое
МО_0183,Приволжский,Субъект_D,33484,34029,0.01627643053398642,False,другое
МО_0184,Центральный,Субъект_A,18289,17760,-0.02892449013067966,False,другое
МО_0185,Северо-Западный,Субъект_B,19053,18954,-0.0051960321209257865,False,другое
МО_0186,Южный,Субъект_C,24865,25098,0.00937060124673228,False,другое
МО_0187,Приволжский,Субъект_D,11951,12003,0.004351100326332569,False,другое
МО_0188,Центральный,Субъект_A,23845,23578,-0.011197315999161295,False,другое
МО_0189,Северо-Западный,Субъект_B,16095,16158,0.003914259086672978,False,другое
МО_0190,Южный,Субъект_C,33136,33359,0.00672984065668758,False,другое
МО_0191,Приволжский,Субъект_D,21965,21816,-0.006783519235146862,False,другое
МО_0192,Центральный,Субъект_A,41253,39828,-0.03454294233146682,False,другое
МО_0194,Южный,Субъект_C,34142,33032,-0.032511276433717984,False,другое
МО_0195,Приволжский,Субъект_D,44827,44145,-0.015214045106743734,False,другое
МО_0196,Центральный,Субъект_A,39711,39307,-0.010173503563244424,False,другое
МО_0197,Северо-Западный,Субъект_B,3368,3262,-0.03147268408551074,False,другое
МО_0198,Южный,Субъект_C,49376,46984,-0.0484445884640311,False,другое
МО_0199,Приволжский,Субъект_D,27691,26848,-0.030443104257701026,False,другое
МО_0200,Центральный,Субъект_A,6012,6060,0.007984031936127733,False,другое
МО_0201,Северо-Западный,Субъект_B,44595,44382,-0.004776320215270746,False,другое
МО_0202,Южный,Субъект_C,38903,37751,-0.029612112176438887,False,другое
МО_0203,Приволжский,Субъект_D,47316,45006,-0.04882069490235863,False,другое
МО_0204,Центральный,Субъект_A,26326,26445,0.004520246144495976,False,другое
МО_0205,Северо-Западный,Субъект_B,25008,23801,-0.04826455534229046,False,другое
МО_0206,Южный,Субъект_C,30907,31381,0.015336331575371176,False,другое
МО_0207,Приволжский,Субъект_D,21285,20745,-0.025369978858350906,False,другое
МО_0208,Центральный,Субъект_A,38289,38320,0.0008096320091932618,False,другое
МО_0209,Северо-Западный,Субъект_B,42881,41228,-0.038548541312003026,False,другое
МО_0210,Южный,Субъект_C,30273,29227,-0.03455224127109968,False,другое
МО_0211,Приволжский,Субъект_D,26553,27208,0.024667645840394714,False,другое
МО_0212,Центральный,Субъект_A,34318,34184,-0.0039046564485110125,False,другое
МО_0213,Северо-Западный,Субъект_B,21148,21184,0.001702288632494886,False,другое
МО_0214,Южный,Субъект_C,28606,28183,-0.014787107599804283,False,другое
МО_0215,Приволжский,Субъект_D,10190,10003,-0.01835132482826296,False,другое
МО_0216,Центральный,Субъект_A,3181,3251,0.022005658597925137,False,другое
МО_0217,Северо-Западный,Субъект_B,35226,36078,0.024186680292965335,False,другое
МО_0218,Южный,Субъект_C,40344,38820,-0.03777513384889941,False,другое
МО_0219,Приволжский,Субъект_D,32144,32040,-0.0032354405176704404,False,другое
МО_0220,Центральный,Субъект_A,25544,24695,-0.033236767929846533,False,другое
МО_0221,Северо-Западный,Субъект_B,6911,6997,0.012443929966719613,False,другое
МО_0222,Южный,Субъект_C,10448,10487,0.003732771822358316,False,другое
МО_0223,Приволжский,Субъект_D,49995,48563,-0.028642864286428593,False,другое
МО_0224,Центральный,Субъект_A,32535,32227,-0.00946672813892735,False,другое
МО_0225,Северо-Западный,Субъект_B,37966,36462,-0.03961439182426385,False,другое
МО_0226,Южный,Субъект_C,1641,1626,-0.009140767824497242,True,другое
МО_0227,Приволжский,Субъект_D,16189,16630,0.027240719006732972,False,другое
МО_0228,Центральный,Субъект_A,15828,15633,-0.012319939347990916,False,другое
МО_0229,Северо-Западный,Субъект_B,33689,32052,-0.048591528392056715,False,другое
МО_0230,Южный,Субъект_C,4636,4673,0.007981018119068262,False,другое
МО_0231,Приволжский,Субъект_D,48501,46804,-0.034988969299602046,False,другое
МО_0232,Центральный,Субъект_A,8989,8844,-0.01613082656580267,False,другое
МО_0233,Северо-Западный,Субъект_B,29042,29022,-0.0006886578059361881,False,другое
МО_0234,Южный,Субъект_C,13570,13418,-0.011201179071481215,False,другое
МО_0235,Приволжский,Субъект_D,23479,23779,0.012777375527066814,False,другое
МО_0236,Центральный,Субъект_A,6016,5920,-0.015957446808510634,False,другое
МО_0237,Северо-Западный,Субъект_B,45567,43303,-0.049685079114271335,False,другое
МО_0238,Южный,Субъект_C,30736,30739,9.760541384684629e-05,False,другое
МО_0239,Приволжский,Субъект_D,31493,31163,-0.010478519035976297,False,другое
МО_0240,Центральный,Субъект_A,14501,14121,-0.02620508930418597,False,другое
МО_0241,Северо-Западный,Субъект_B,26588,25749,-0.031555588987513206,False,другое
МО_0242,Южный,Субъект_C,49814,50961,0.023025655438230208,False,другое
МО_0243,Приволжский,Субъект_D,26673,26237,-0.01634611779702322,False,другое
МО_0244,Центральный,Субъект_A,45939,44759,-0.025686236095692094,False,другое
МО_0245,Северо-Западный,Субъект_B,27417,28216,0.02914250282671338,False,другое
МО_0246,Южный,Субъект_C,19361,19351,-0.0005165022467847891,False,другое
МО_0247,Приволжский,Субъект_D,47363,45130,-0.04714650676688559,False,другое
МО_0248,Центральный,Субъект_A,27466,27955,0.01780383019005316,False,другое
МО_0249,Северо-Западный,Субъект_B,45955,43829,-0.046262648242846316,False,другое
МО_0250,Южный,Субъект_C,4648,4517,-0.028184165232358005,False,другое
МО_0251,Приволжский,Субъект_D,26809,27388,0.021597224812562876,False,другое
МО_0252,Центральный,Субъект_A,24051,24368,0.013180325142405636,False,другое
МО_0253,Северо-Западный,Субъект_B,14901,14599,-0.020267096168042453,False,другое
МО_0254,Южный,Субъект_C,10282,10409,0.012351682552032672,False,другое
МО_0255,Приволжский,Субъект_D,42494,40962,-0.03605214853861727,False,другое
МО_0256,Центральный,Субъект_A,26591,26103,-0.018352074010003383,False,другое
МО_0257,Северо-Западный,Субъект_B,38349,39417,0.027849487600719813,False,другое
МО_0258,Южный,Субъект_C,31483,31575,0.002922211987421708,False,другое
МО_0259,Приволжский,Субъект_D,7294,7340,0.006306553331505427,False,другое
МО_0260,Центральный,Субъект_A,1301,1262,-0.02997694081475788,True,другое
МО_0261,Северо-Западный,Субъект_B,25408,24917,-0.019324622166246863,False,другое
МО_0262,Южный,Субъект_C,43176,41706,-0.03404669260700388,False,другое
МО_0263,Приволжский,Субъект_D,16175,15696,-0.02961360123647605,False,другое
МО_0264,Центральный,Субъект_A,23663,22926,-0.031145670455986152,False,другое
МО_0265,Северо-Западный,Субъект_B,18726,18939,0.011374559436078124,False,другое
МО_0266,Южный,Субъект_C,28876,29361,0.016795955118437567,False,другое
МО_0267,Приволжский,Субъект_D,14106,13476,-0.044661846022968965,False,другое
МО_0268,Центральный,Субъект_A,20184,19956,-0.011296076099881147,False,другое
МО_0269,Северо-Западный,Субъект_B,22650,21874,-0.03426048565121409,False,другое
МО_0270,Южный,Субъект_C,21972,22448,0.021663935918441624,False,другое
МО_0271,Приволжский,Субъект_D,9379,8948,-0.04595372641006501,False,другое
МО_0272,Центральный,Субъект_A,48720,49385,0.013649425287356243,False,другое
МО_0273,Северо-Западный,Субъект_B,42307,41076,-0.02909683976646893,False,другое
МО_0274,Южный,Субъект_C,32462,32488,0.0008009364795760199,False,другое
МО_0275,Приволжский,Субъект_D,7112,6795,-0.044572553430821116,False,другое
МО_0276,Центральный,Субъект_A,6867,7069,0.02941604776467166,False,другое
МО_0277,Северо-Западный,Субъект_B,12384,12015,-0.029796511627906974,False,другое
МО_0278,Южный,Субъект_C,32000,31552,-0.014000000000000012,False,другое
МО_0279,Приволжский,Субъект_D,14622,14404,-0.014909041170838466,False,другое
МО_0280,Центральный,Субъект_A,47529,48576,0.02202865618885319,False,другое
МО_0281,Северо-Западный,Субъект_B,39183,38302,-0.02248424061455223,False,другое
МО_0282,Южный,Субъект_C,43506,43753,0.005677377832942643,False,другое
МО_0283,Приволжский,Субъект_D,40256,40726,0.011675278219395846,False,другое
МО_0284,Центральный,Субъект_A,33194,32506,-0.020726637344098298,False,другое
МО_0285,Северо-Западный,Субъект_B,35498,34208,-0.03634007549721108,False,другое
МО_0286,Южный,Субъект_C,3085,3082,-0.0009724473257698429,False,другое
МО_0287,Приволжский,Субъект_D,42457,42902,0.01048119273618009,False,другое
МО_0288,Центральный,Субъект_A,38867,38738,-0.0033190109861837014,False,другое
МО_0289,Северо-Западный,Субъект_B,45795,43568,-0.04862976307457145,False,другое
МО_0290,Южный,Субъект_C,4695,4754,0.012566560170393926,False,другое
МО_0291,Приволжский,Субъект_D,2408,2438,0.012458471760797396,True,другое
МО_0292,Центральный,Субъект_A,27694,26669,-0.03701162706723482,False,другое
МО_0293,Северо-Западный,Субъект_B,5186,5308,0.02352487466255293,False,другое
МО_0294,Южный,Субъект_C,20667,19917,-0.036289737262302224,False,другое
МО_0295,Приволжский,Субъект_D,35101,35180,0.0022506481296828973,False,другое
МО_0296,Центральный,Субъект_A,3545,3536,-0.0025387870239774735,False,другое
МО_0297,Северо-Западный,Субъект_B,22938,23454,0.022495422443107538,False,другое
МО_0298,Южный,Субъект_C,47625,48099,0.009952755905511701,False,другое
МО_0299,Приволжский,Субъект_D,8854,8751,-0.01163316015360294,False,другое
МО_0300,Центральный,Субъект_A,1448,1479,0.02140883977900554,True,другое
МО_0301,Северо-Западный,Субъект_B,16661,17110,0.026949162715323105,False,другое
МО_0302,Южный,Субъект_C,21965,22013,0.0021852947871614514,False,другое
МО_0303,Приволжский,Субъект_D,5964,5908,-0.009389671361502372,False,другое
МО_0304,Центральный,Субъект_A,5918,5951,0.005576208178438735,False,другое
МО_0305,Северо-Западный,Субъект_B,47143,46085,-0.022442356235284122,False,другое
МО_0306,Южный,Субъект_C,3735,3762,0.0072289156626506035,False,другое
МО_0307,Приволжский,Субъект_D,12720,12438,-0.022169811320754684,False,другое
МО_0308,Центральный,Субъект_A,8275,8317,0.005075528700906329,False,другое
МО_0309,Северо-Западный,Субъект_B,11227,11131,-0.008550814999554679,False,другое
МО_0310,Южный,Субъект_C,38889,39921,0.026537067036951356,False,другое
МО_0311,Приволжский,Субъект_D,26303,25984,-0.012127894156560126,False,другое
МО_0312,Центральный,Субъект_A,46303,44581,-0.037189814914800334,False,другое
МО_0313,Северо-Западный,Субъект_B,46422,45003,-0.030567403386325465,False,другое
МО_0314,Южный,Субъект_C,38760,39435,0.01741486068111464,False,другое
МО_0315,Приволжский,Субъект_D,14984,14707,-0.01848638547784298,False,другое
МО_0316,Центральный,Субъект_A,29563,29400,-0.005513648817778938,False,другое
МО_0317,Северо-Западный,Субъект_B,27667,28330,0.02396356670401567,False,другое
МО_0318,Южный,Субъект_C,26874,25991,-0.03285703654089456,False,другое
МО_0319,Приволжский,Субъект_D,11163,10632,-0.04756785810266062,False,другое
МО_0320,Центральный,Субъект_A,46443,46978,0.011519497017849822,False,другое
МО_0321,Северо-Западный,Субъект_B,29191,28651,-0.018498852386009346,False,другое
МО_0322,Южный,Субъект_C,46023,43990,-0.04417356539121742,False,другое
МО_0323,Приволжский,Субъект_D,45967,46768,0.017425544412295713,False,другое
МО_0324,Центральный,Субъект_A,40331,39399,-0.023108774887803385,False,другое
МО_0325,Северо-Западный,Субъект_B,47334,48032,0.01474627117927918,False,другое
МО_0326,Южный,Субъект_C,26170,25263,-0.03465800534963703,False,другое
МО_0327,Приволжский,Субъект_D,34029,33499,-0.015574950777278218,False,другое
МО_0328,Центральный,Субъект_A,31634,30493,-0.03606878674843528,False,другое
МО_0329,Северо-Западный,Субъект_B,36255,35383,-0.024051854916563253,False,другое
МО_0330,Южный,Субъект_C,41656,42687,0.02475033608603794,False,другое
МО_0331,Приволжский,Субъект_D,23407,23200,-0.008843508352202378,False,другое
МО_0332,Центральный,Субъект_A,28662,28199,-0.016153792477845208,False,другое
МО_0333,Северо-Западный,Субъект_B,19906,20213,0.015422485682708764,False,другое
МО_0334,Южный,Субъект_C,20333,20418,0.004180396399940944,False,другое
МО_0335,Приволжский,Субъект_D,20946,20604,-0.01632769979948434,False,другое
МО_0336,Центральный,Субъект_A,38797,37668,-0.02910018815887827,False,другое
МО_0337,Северо-Западный,Субъект_B,37052,37501,0.012118104285868458,False,другое
МО_0338,Южный,Субъект_C,4799,4718,-0.016878516357574536,False,другое
МО_0339,Приволжский,Субъект_D,20641,20383,-0.012499394409185571,False,другое
МО_0340,Центральный,Субъект_A,25706,25307,-0.015521668093052221,False,другое
МО_0341,Северо-Западный,Субъект_B,13105,13087,-0.0013735215566578196,False,другое
МО_0342,Южный,Субъект_C,34353,35306,0.027741390853782688,False,другое
МО_0343,Приволжский,Субъект_D,32182,32049,-0.00413274501274008,False,другое
МО_0344,Центральный,Субъект_A,7375,7043,-0.045016949152542396,False,другое
МО_0345,Северо-Западный,Субъект_B,9793,9786,-0.0007147962830593713,False,другое
МО_0346,Южный,Субъект_C,40491,39854,-0.01573189103751449,False,другое
МО_0347,Приволжский,Субъект_D,19354,19090,-0.013640591092280663,False,другое
МО_0348,Центральный,Субъект_A,40210,38932,-0.031783138522755494,False,другое
МО_0349,Северо-Западный,Субъект_B,15548,14858,-0.044378698224852076,False,другое
МО_0350,Южный,Субъект_C,23888,24409,0.021810113864701997,False,другое
МО_0351,Приволжский,Субъект_D,11480,11604,0.010801393728222974,False,другое
МО_0352,Центральный,Субъект_A,36682,37414,0.01995529142358654,False,другое
МО_0353,Северо-Западный,Субъект_B,18856,18564,-0.015485787017395003,False,другое
МО_0354,Южный,Субъект_C,39682,38074,-0.04052215110125501,False,другое
МО_0355,Приволжский,Субъект_D,25073,25692,0.024687911299006826,False,другое
МО_0356,Центральный,Субъект_A,18981,19473,0.025920657499604927,False,другое
МО_0357,Северо-Западный,Субъект_B,48807,47164,-0.03366320404859957,False,другое
МО_0358,Южный,Субъект_C,38509,37182,-0.03445947700537533,False,другое
МО_0359,Приволжский,Субъект_D,9667,9293,-0.03868832109237608,False,другое
МО_0360,Центральный,Субъект_A,44048,43904,-0.0032691609153651102,False,другое
МО_0361,Северо-Западный,Субъект_B,2756,2684,-0.026124818577648812,True,другое
МО_0362,Южный,Субъект_C,19223,19303,0.0041616813192528745,False,другое
МО_0363,Приволжский,Субъект_D,23913,24204,0.012169113034750989,False,другое
МО_0364,Центральный,Субъект_A,47998,47464,-0.011125463560981652,False,другое
МО_0365,Северо-Западный,Субъект_B,35118,35912,0.022609488011845702,False,другое
МО_0366,Южный,Субъект_C,22315,22231,-0.0037642841138247896,False,другое
МО_0367,Приволжский,Субъект_D,49341,49569,0.004620903508238516,False,другое
МО_0368,Центральный,Субъект_A,25083,24304,-0.031056891121476693,False,другое
МО_0369,Северо-Западный,Субъект_B,36571,37244,0.018402559404993024,False,другое
МО_0370,Южный,Субъект_C,3654,3648,-0.0016420361247947435,False,другое
МО_0371,Приволжский,Субъект_D,31237,30419,-0.026186893747799034,False,другое
МО_0372,Центральный,Субъект_A,8661,8913,0.02909594735019061,False,другое
МО_0373,Северо-Западный,Субъект_B,12425,12436,0.0008853118712273123,False,другое
МО_0374,Южный,Субъект_C,31903,30492,-0.04422781556593425,False,другое
МО_0375,Приволжский,Субъект_D,33764,34487,0.021413339651700003,False,другое
МО_0376,Центральный,Субъект_A,48465,48165,-0.006190034045187254,False,другое
МО_0377,Северо-Западный,Субъект_B,45118,45381,0.005829159093931446,False,другое
МО_0378,Южный,Субъект_C,15814,16077,0.01663083343872529,False,другое
МО_0379,Приволжский,Субъект_D,43876,45111,0.02814750660953602,False,другое
МО_0380,Центральный,Субъект_A,39413,39450,0.0009387765458097608,False,другое
МО_0381,Северо-Западный,Субъект_B,9846,9745,-0.010257972780824742,False,другое
МО_0382,Южный,Субъект_C,16400,16651,0.015304878048780557,False,другое
МО_0383,Приволжский,Субъект_D,16640,16116,-0.03149038461538467,False,другое
МО_0384,Центральный,Субъект_A,13634,13742,0.007921373037993229,False,другое
МО_0385,Северо-Западный,Субъект_B,16792,17049,0.015304907098618425,False,другое
МО_0386,Южный,Субъект_C,22499,21632,-0.03853504600204449,False,другое
МО_0387,Приволжский,Субъект_D,30673,29797,-0.028559319271020067,False,другое
МО_0388,Центральный,Субъект_A,17116,17215,0.005784061696658016,False,другое
МО_0389,Северо-Западный,Субъект_B,7200,7102,-0.01361111111111113,False,другое
МО_0390,Южный,Субъект_C,38086,37638,-0.011762852491729259,False,другое
МО_0391,Приволжский,Субъект_D,30626,30814,0.006138575066936491,False,другое
МО_0392,Центральный,Субъект_A,7035,7241,0.02928216062544431,False,другое
МО_0393,Северо-Западный,Субъект_B,11228,10867,-0.03215176344852155,False,другое
МО_0394,Южный,Субъект_C,39007,39001,-0.00015381854538931705,False,другое
МО_0395,Приволжский,Субъект_D,27003,25718,-0.04758730511424658,False,другое
МО_0396,Центральный,Субъект_A,15100,14562,-0.035629139072847704,False,другое
МО_0397,Северо-Западный,Субъект_B,32824,31697,-0.03433463319522301,False,другое
МО_0398,Южный,Субъект_C,5578,5654,0.013624955181068543,False,другое
МО_0399,Приволжский,Субъект_D,43990,44454,0.010547851784496576,False,другое
