feature,A1,A2,B1,B2,C1,C2,C3,C4,C5,D1,D2
A1,1.0,0.9960521861153075,0.307393176277736,0.307393176277736,-0.09300106824775763,-0.34435028412861957,-0.29732100318367327,0.24882739265374235,0.003937270468954444,-0.08029749962600793,-0.1180795255830473
A2,0.9960521861153075,1.0,0.37999925833686254,0.37999925833686254,-0.09010524452760062,-0.34563529979414637,-0.3069246980145762,0.24781111188367688,-0.00044710488001702456,-0.07700609975790598,-0.11882914313187071
B1,0.307393176277736,0.37999925833686254,1.0,1.0,-0.06998640143781512,-0.10061181309246138,-0.2396798206523686,0.025439180462233122,-0.06246978038764541,0.016326373920427132,-0.06501628379887152
B2,0.307393176277736,0.37999925833686254,1.0,1.0,-0.06998640143781512,-0.10061181309246138,-0.2396798206523686,0.025439180462233122,-0.06246978038764541,0.016326373920427132,-0.06501628379887152
C1,-0.09300106824775763,-0.09010524452760062,-0.06998640143781512,-0.06998640143781512,1.0,-0.0456085577812473,-0.02431911742086644,0.11341447802296206,0.06722473446563382,0.3893715121289314,0.09354188573727902
C2,-0.34435028412861957,-0.34563529979414637,-0.10061181309246138,-0.10061181309246138,-0.0456085577812473,1.0,0.23248260357473205,-0.9294921756645997,0.11878187729267671,0.023270186616772964,-0.036199645961874645
C3,-0.29732100318367327,-0.3069246980145762,-0.2396798206523686,-0.2396798206523686,-0.02431911742086644,0.23248260357473205,1.0,-0.17317738180270498,-0.48041620786795025,-0.1365862341422097,0.09263275824947656
C4,0.24882739265374235,0.24781111188367688,0.025439180462233122,0.025439180462233122,0.11341447802296206,-0.9294921756645997,-0.17317738180270498,1.0,-0.0560418196873637,-0.008732662043914043,0.07530109990023118
C5,0.003937270468954444,-0.00044710488001702456,-0.06246978038764541,-0.06246978038764541,0.06722473446563382,0.11878187729267671,-0.48041620786795025,-0.0560418196873637,1.0,0.08697288083453959,-0.03892453411908322
D1,-0.08029749962600793,-0.07700609975790598,0.016326373920427132,0.016326373920427132,0.3893715121289314,0.023270186616772964,-0.1365862341422097,-0.008732662043914043,0.08697288083453959,1.0,-0.10439177214318796
D2,-0.1180795255830473,-0.11882914313187071,-0.06501628379887152,-0.06501628379887152,0.09354188573727902,-0.036199645961874645,0.09263275824947656,0.07530109990023118,-0.03892453411908322,-0.10439177214318796,1.0
