mo,subject,n_rows_t2
Александровский муниципальный округ,Пермский край,2
Александровский муниципальный округ,Ставропольский край,2
Александровский муниципальный район,Владимирская обл.,3
Александровский муниципальный район,Оренбургская обл.,3
Александровский муниципальный район,Томская обл.,3
Алексеевский муниципальный район,Волгоградская обл.,3
Алексеевский муниципальный район,Самарская обл.,3
Алексеевский муниципальный район,респ. Татарстан,3
Алтайский муниципальный район,Алтайский край,2
Алтайский муниципальный район,респ. Хакасия,2
Белозерский муниципальный округ,Вологодская обл.,2
Белозерский муниципальный округ,Курганская обл.,2
Березовский муниципальный район,Красноярский край,2
Березовский муниципальный район,Тюменская обл.,2
Благовещенский муниципальный район,Алтайский край,3
Благовещенский муниципальный район,Амурская обл.,3
Благовещенский муниципальный район,респ. Башкортостан,3
Богородский муниципальный округ,Кировская обл.,2
Богородский муниципальный округ,Нижегородская обл.,2
Волжский муниципальный район,Самарская обл.,2
Волжский муниципальный район,респ. Марий Эл,2
Воловский муниципальный район,Липецкая обл.,2
Воловский муниципальный район,Тульская обл.,2
Вяземский муниципальный район,Смоленская обл.,2
Вяземский муниципальный район,Хабаровский край,2
Городищенский муниципальный район,Волгоградская обл.,2
Городищенский муниципальный район,Пензенская обл.,2
Даниловский муниципальный район,Волгоградская обл.,2
Даниловский муниципальный район,Ярославская обл.,2
Дзержинский муниципальный район,Калужская обл.,2
Дзержинский муниципальный район,Красноярский край,2
Дубенский муниципальный район,Тульская обл.,2
Дубенский муниципальный район,респ. Мордовия,2
Дубовский муниципальный район,Волгоградская обл.,2
Дубовский муниципальный район,Ростовская обл.,2
Знаменский муниципальный район,Омская обл.,2
Знаменский муниципальный район,Орловская обл.,2
Калининский муниципальный район,Краснодарский край,2
Калининский муниципальный район,Саратовская обл.,2
Каменский муниципальный район,Алтайский край,5
Каменский муниципальный район,Воронежская обл.,5
Каменский муниципальный район,Пензенская обл.,5
Каменский муниципальный район,Ростовская обл.,5
Каменский муниципальный район,Тульская обл.,5
Кировский муниципальный район,Калужская обл.,4
Кировский муниципальный район,Ленинградская обл.,4
Кировский муниципальный район,Приморский край,4
Кировский муниципальный район,Республика Северная Осетия — Алания,4
Комсомольский муниципальный район,Ивановская обл.,2
Комсомольский муниципальный район,Хабаровский край,2
Константиновский муниципальный район,Амурская обл.,2
Константиновский муниципальный район,Ростовская обл.,2
Краснинский муниципальный район,Липецкая обл.,2
Краснинский муниципальный район,Смоленская обл.,2
Красноармейский муниципальный район,Краснодарский край,5
Красноармейский муниципальный район,Приморский край,5
Красноармейский муниципальный район,Самарская обл.,5
Красноармейский муниципальный район,Саратовская обл.,5
Красноармейский муниципальный район,Челябинская обл.,5
Красногвардейский муниципальный район,Белгородская обл.,3
Красногвардейский муниципальный район,Оренбургская обл.,3
Красногвардейский муниципальный район,Республика Адыгея,3
Красногорский муниципальный район,Алтайский край,2
Красногорский муниципальный район,Брянская обл.,2
Красноярский муниципальный район,Астраханская обл.,2
Красноярский муниципальный район,Самарская обл.,2
Куйбышевский муниципальный район,Калужская обл.,3
Куйбышевский муниципальный район,Новосибирская обл.,3
Куйбышевский муниципальный район,Ростовская обл.,3
Ленинский муниципальный район,Волгоградская обл.,2
Ленинский муниципальный район,Еврейская автономная обл.,2
Ленский муниципальный район,Архангельская обл.,2
Ленский муниципальный район,респ. Саха (Якутия),2
Михайловский муниципальный район,Алтайский край,4
Михайловский муниципальный район,Амурская обл.,4
Михайловский муниципальный район,Приморский край,4
Михайловский муниципальный район,Рязанская обл.,4
Мишкинский муниципальный район,Курганская обл.,2
Мишкинский муниципальный район,респ. Башкортостан,2
Николаевский муниципальный район,Волгоградская обл.,3
Николаевский муниципальный район,Ульяновская обл.,3
Николаевский муниципальный район,Хабаровский край,3
Никольский муниципальный район,Вологодская обл.,2
Никольский муниципальный район,Пензенская обл.,2
Ногайский муниципальный район,Карачаево-Черкесская Республика,2
Ногайский муниципальный район,Республика Дагестан,2
Октябрьский муниципальный район,Амурская обл.,10
Октябрьский муниципальный район,Волгоградская обл.,10
Октябрьский муниципальный район,Еврейская автономная обл.,10
Октябрьский муниципальный район,Костромская обл.,10
Октябрьский муниципальный район,Курская обл.,10
Октябрьский муниципальный район,Оренбургская обл.,10
Октябрьский муниципальный район,Республика Калмыкия,10
Октябрьский муниципальный район,Ростовская обл.,10
Октябрьский муниципальный район,Тюменская обл.,10
Октябрьский муниципальный район,Челябинская обл.,10
Орловский муниципальный район,Кировская обл.,2
Орловский муниципальный район,Ростовская обл.,2
Островский муниципальный район,Костромская обл.,2
Островский муниципальный район,Псковская обл.,2
Павловский муниципальный район,Алтайский край,4
Павловский муниципальный район,Воронежская обл.,4
Павловский муниципальный район,Краснодарский край,4
Павловский муниципальный район,Ульяновская обл.,4
Партизанский муниципальный район,Красноярский край,2
Партизанский муниципальный район,Приморский край,2
Первомайский муниципальный район,Алтайский край,4
Первомайский муниципальный район,Оренбургская обл.,4
Первомайский муниципальный район,Томская обл.,4
Первомайский муниципальный район,Ярославская обл.,4
Петропавловский муниципальный район,Алтайский край,2
Петропавловский муниципальный район,Воронежская обл.,2
Приволжский муниципальный район,Астраханская обл.,3
Приволжский муниципальный район,Ивановская обл.,3
Приволжский муниципальный район,Самарская обл.,3
Романовский муниципальный район,Алтайский край,2
Романовский муниципальный район,Саратовская обл.,2
Руднянский муниципальный район,Волгоградская обл.,2
Руднянский муниципальный район,Смоленская обл.,2
Рыбинский муниципальный район,Красноярский край,2
Рыбинский муниципальный район,Ярославская обл.,2
Северный муниципальный район,Новосибирская обл.,2
Северный муниципальный район,Оренбургская обл.,2
Смоленский муниципальный район,Алтайский край,2
Смоленский муниципальный район,Смоленская обл.,2
Советский муниципальный район,Алтайский край,7
Советский муниципальный район,Кировская обл.,7
Советский муниципальный район,Курская обл.,7
Советский муниципальный район,Ростовская обл.,7
Советский муниципальный район,Саратовская обл.,7
Советский муниципальный район,Тюменская обл.,7
Советский муниципальный район,респ. Марий Эл,7
Сосновский муниципальный округ,Нижегородская обл.,2
Сосновский муниципальный округ,Тамбовская обл.,2
Спасский муниципальный район,Пензенская обл.,4
Спасский муниципальный район,Приморский край,4
Спасский муниципальный район,Рязанская обл.,4
Спасский муниципальный район,респ. Татарстан,4
Тамбовский муниципальный округ,Амурская обл.,2
Тамбовский муниципальный округ,Тамбовская обл.,2
Терский муниципальный район,Кабардино-Балкарская Республика,2
Терский муниципальный район,Мурманская обл.,2
Троицкий муниципальный район,Алтайский край,2
Троицкий муниципальный район,Челябинская обл.,2
Ульяновский муниципальный район,Калужская обл.,2
Ульяновский муниципальный район,Ульяновская обл.,2
Федоровский муниципальный район,Саратовская обл.,2
Федоровский муниципальный район,респ. Башкортостан,2
Целинный муниципальный район,Алтайский край,2
Целинный муниципальный район,Республика Калмыкия,2
городской округ город Оренбург,Оренбургская обл.,2
городской округ город Оренбург,Оренбургская обл.,2
городской округ город Орск,Оренбургская обл.,2
городской округ город Орск,Оренбургская обл.,2
