Федеральный округ,Субъект,МО,Население 2023,Население 2024
Центральный,Субъект_A,МО_0000,15908,15327
Северо-Западный,Субъект_B,МО_0001,34645,34456
Южный,Субъект_C,МО_0002,37405,36058
Приволжский,Субъект_D,МО_0003,951,957
Центральный,Субъект_A,МО_0004,36045,35729
Северо-Западный,Субъект_B,МО_0005,49092,47156
Южный,Субъект_C,МО_0006,11660,11969
Приволжский,Субъект_D,МО_0007,6926,7028
Центральный,Субъект_A,МО_0008,32962,33151
Северо-Западный,Субъект_B,МО_0009,44759,43102
Южный,Субъект_C,МО_0010,41558,41132
Приволжский,Субъект_D,МО_0011,33113,31731
Центральный,Субъект_A,МО_0012,33522,32248
Северо-Западный,Субъект_B,МО_0013,27282,27813
Южный,Субъект_C,МО_0014,31882,31972
Приволжский,Субъект_D,МО_0015,37705,38746
Центральный,Субъект_A,МО_0016,2292,2202
Северо-Западный,Субъект_B,МО_0017,19936,20494
Южный,Субъект_C,МО_0018,12011,12151
Приволжский,Субъект_D,МО_0019,21385,21695
Центральный,Субъект_A,МО_0020,46860,46960
Северо-Западный,Субъект_B,МО_0021,5219,5094
Южный,Субъект_C,МО_0022,14585,14961
Приволжский,Субъект_D,МО_0023,24672,24147
Центральный,Субъект_A,МО_0024,43100,42232
Северо-Западный,Субъект_B,МО_0025,22160,21630
Южный,Субъект_C,МО_0026,15235,15522
Приволжский,Субъект_D,МО_0027,22139,21804
Центральный,Субъект_A,МО_0028,1020,1045
Северо-Западный,Субъект_B,МО_0029,6974,6876
Южный,Субъект_C,МО_0030,27360,26675
Приволжский,Субъект_D,МО_0031,1402,1357
Центральный,Субъект_A,МО_0032,4158,3980
Северо-Западный,Субъект_B,МО_0033,2955,2845
Южный,Субъект_C,МО_0034,6771,6596
Приволжский,Субъект_D,МО_0035,14920,15308
Центральный,Субъект_A,МО_0036,1045,1003
Северо-Западный,Субъект_B,МО_0037,14543,14839
Южный,Субъект_C,МО_0038,19465,18657
Приволжский,Субъект_D,МО_0039,24779,25214
Центральный,Субъект_A,МО_0040,24438,24304
Северо-Западный,Субъект_B,МО_0041,13558,13677
Южный,Субъект_C,МО_0042,10912,10961
Приволжский,Субъект_D,МО_0043,34712,33104
Центральный,Субъект_A,МО_0044,18428,17518
Северо-Западный,Субъект_B,МО_0045,19426,18954
Южный,Субъект_C,МО_0046,41356,39744
Приволжский,Субъект_D,МО_0047,33700,34497
Центральный,Субъект_A,МО_0048,26168,24877
Северо-Западный,Субъект_B,МО_0049,4798,4718
Южный,Субъект_C,МО_0050,3279,3292
Приволжский,Субъект_D,МО_0051,1246,1273
Центральный,Субъект_A,МО_0052,24066,22947
Северо-Западный,Субъект_B,МО_0053,8067,7890
Южный,Субъект_C,МО_0054,17336,16940
Приволжский,Субъект_D,МО_0055,14849,15045
Центральный,Субъект_A,МО_0056,24640,24034
Северо-Западный,Субъект_B,МО_0057,45372,43635
Южный,Субъект_C,МО_0058,37351,37158
Приволжский,Субъект_D,МО_0059,18058,17934
Центральный,Субъект_A,МО_0060,19066,18277
Северо-Западный,Субъект_B,МО_0061,39563,40453
Южный,Субъект_C,МО_0062,47696,48464
Приволжский,Субъект_D,МО_0063,44170,42479
Центральный,Субъект_A,МО_0064,44692,44258
Северо-Западный,Субъект_B,МО_0065,47927,48933
Южный,Субъект_C,МО_0066,16236,15670
Приволжский,Субъект_D,МО_0067,12472,12533
Центральный,Субъект_A,МО_0068,11387,10898
Северо-Западный,Субъект_B,МО_0069,26280,25529
Южный,Субъект_C,МО_0070,36752,36857
Приволжский,Субъект_D,МО_0071,29767,29730
Центральный,Субъект_A,МО_0072,43715,42273
Северо-Западный,Субъект_B,МО_0073,14438,13767
Южный,Субъект_C,МО_0074,2933,2807
Приволжский,Субъект_D,МО_0075,34774,34004
Центральный,Субъект_A,МО_0076,29200,28307
Северо-Западный,Субъект_B,МО_0077,27094,27795
Южный,Субъект_C,МО_0078,11355,10895
Приволжский,Субъект_D,МО_0079,31094,30712
Центральный,Субъект_A,МО_0080,15588,14809
Северо-Западный,Субъект_B,МО_0081,18082,17321
Южный,Субъект_C,МО_0082,46087,46298
Приволжский,Субъект_D,МО_0083,49817,50550
Центральный,Субъект_A,МО_0084,31628,31694
Северо-Западный,Субъект_B,МО_0085,44878,44146
Южный,Субъект_C,МО_0086,38584,38163
Приволжский,Субъект_D,МО_0087,32120,31974
Центральный,Субъект_A,МО_0088,35232,34912
Северо-Западный,Субъект_B,МО_0089,21397,20768
Южный,Субъект_C,МО_0090,10675,10447
Приволжский,Субъект_D,МО_0091,37991,37359
Центральный,Субъект_A,МО_0092,959,911
Северо-Западный,Субъект_B,МО_0093,1357,1365
Южный,Субъект_C,МО_0094,28468,28324
Приволжский,Субъект_D,МО_0095,2368,2249
Центральный,Субъект_A,МО_0096,34829,33253
Северо-Западный,Субъект_B,МО_0097,2719,2757
Южный,Субъект_C,МО_0098,35073,35333
Приволжский,Субъект_D,МО_0099,30948,31151
Центральный,Субъект_A,МО_0100,33319,33624
Северо-Западный,Субъект_B,МО_0101,22626,22830
Южный,Субъект_C,МО_0102,36356,34753
Приволжский,Субъект_D,МО_0103,22111,21644
Центральный,Субъект_A,МО_0104,3631,3602
Северо-Западный,Субъект_B,МО_0105,45063,44016
Южный,Субъект_C,МО_0106,38249,37178
Приволжский,Субъект_D,МО_0107,44238,42908
Центральный,Субъект_A,МО_0108,39181,39794
Северо-Западный,Субъект_B,МО_0109,4061,3974
Южный,Субъект_C,МО_0110,9268,9101
Приволжский,Субъект_D,МО_0111,49834,47355
Центральный,Субъект_A,МО_0112,15325,14847
Северо-Западный,Субъект_B,МО_0113,38257,37304
Южный,Субъект_C,МО_0114,17213,17434
Приволжский,Субъект_D,МО_0115,48952,48027
Центральный,Субъект_A,МО_0116,2844,2710
Северо-Западный,Субъект_B,МО_0117,31491,31907
Южный,Субъект_C,МО_0118,46567,47897
Приволжский,Субъект_D,МО_0119,37346,36422
Центральный,Субъект_A,МО_0120,45552,45794
Северо-Западный,Субъект_B,МО_0121,9156,9348
Южный,Субъект_C,МО_0122,15674,15405
Приволжский,Субъект_D,МО_0123,22899,23428
Центральный,Субъект_A,МО_0124,19106,19429
Северо-Западный,Субъект_B,МО_0125,5985,5717
Южный,Субъект_C,МО_0126,48337,46861
Приволжский,Субъект_D,МО_0127,41940,41266
Центральный,Субъект_A,МО_0128,15392,15204
Северо-Западный,Субъект_B,МО_0129,12001,12159
Южный,Субъект_C,МО_0130,14927,14447
Приволжский,Субъект_D,МО_0131,36015,36668
Центральный,Субъект_A,МО_0132,34977,34917
Северо-Западный,Субъект_B,МО_0133,15159,14628
Южный,Субъект_C,МО_0134,18030,17322
Приволжский,Субъект_D,МО_0135,8150,8048
Центральный,Субъект_A,МО_0136,37336,35607
Северо-Западный,Субъект_B,МО_0137,41650,41804
Южный,Субъект_C,МО_0138,49200,50062
Приволжский,Субъект_D,МО_0139,39320,40359
Центральный,Субъект_A,МО_0140,22190,21434
Северо-Западный,Субъект_B,МО_0141,16857,17214
Южный,Субъект_C,МО_0142,9664,9870
Приволжский,Субъект_D,МО_0143,14614,14030
Центральный,Субъект_A,МО_0144,25201,24556
Северо-Западный,Субъект_B,МО_0145,3468,3529
Южный,Субъект_C,МО_0146,37830,36990
Приволжский,Субъект_D,МО_0147,40947,41080
Центральный,Субъект_A,МО_0148,3531,3563
Северо-Западный,Субъект_B,МО_0149,43000,42855
Южный,Субъект_C,МО_0150,21488,22110
Приволжский,Субъект_D,МО_0151,40869,40698
Центральный,Субъект_A,МО_0152,12627,12612
Северо-Западный,Субъект_B,МО_0153,46204,47106
Южный,Субъект_C,МО_0154,27680,27635
Приволжский,Субъект_D,МО_0155,7197,6907
Центральный,Субъект_A,МО_0156,25640,25800
Северо-Западный,Субъект_B,МО_0157,9439,8987
Южный,Субъект_C,МО_0158,7039,6962
Приволжский,Субъект_D,МО_0159,31404,32343
Центральный,Субъект_A,МО_0160,28836,29037
Северо-Западный,Субъект_B,МО_0161,4440,4341
Южный,Субъект_C,МО_0162,42505,42110
Приволжский,Субъект_D,МО_0163,20280,19943
Центральный,Субъект_A,МО_0164,48726,49436
Северо-Западный,Субъект_B,МО_0165,38342,37111
Южный,Субъект_C,МО_0166,26536,26441
Приволжский,Субъект_D,МО_0167,17822,16935
Центральный,Субъект_A,МО_0168,11294,10942
Северо-Западный,Субъект_B,МО_0169,19766,19364
Южный,Субъект_C,МО_0170,10060,10272
Приволжский,Субъект_D,МО_0171,38090,38760
Центральный,Субъект_A,МО_0172,19698,19588
Северо-Западный,Субъект_B,МО_0173,30429,29366
Южный,Субъект_C,МО_0174,876,897
Приволжский,Субъект_D,МО_0175,26775,27427
Центральный,Субъект_A,МО_0176,30406,29640
Северо-Западный,Субъект_B,МО_0177,13783,13945
Южный,Субъект_C,МО_0178,35969,36978
Приволжский,Субъект_D,МО_0179,38465,39471
Центральный,Субъект_A,МО_0180,1399,1372
Северо-Западный,Субъект_B,МО_0181,48543,48231
Южный,Субъект_C,МО_0182,41980,41777
Приволжский,Субъект_D,МО_0183,33484,34029
Центральный,Субъект_A,МО_0184,18289,17760
Северо-Западный,Субъект_B,МО_0185,19053,18954
Южный,Субъект_C,МО_0186,24865,25098
Приволжский,Субъект_D,МО_0187,11951,12003
Центральный,Субъект_A,МО_0188,23845,23578
Северо-Западный,Субъект_B,МО_0189,16095,16158
Южный,Субъект_C,МО_0190,33136,33359
Приволжский,Субъект_D,МО_0191,21965,21816
Центральный,Субъект_A,МО_0192,41253,39828
Северо-Западный,Субъект_B,МО_0193,39098,37384
Южный,Субъект_C,МО_0194,34142,33032
Приволжский,Субъект_D,МО_0195,44827,44145
Центральный,Субъект_A,МО_0196,39711,39307
Северо-Западный,Субъект_B,МО_0197,3368,3262
Южный,Субъект_C,МО_0198,49376,46984
Приволжский,Субъект_D,МО_0199,27691,26848
Центральный,Субъект_A,МО_0200,6012,6060
Северо-Западный,Субъект_B,МО_0201,44595,44382
Южный,Субъект_C,МО_0202,38903,37751
Приволжский,Субъект_D,МО_0203,47316,45006
Центральный,Субъект_A,МО_0204,26326,26445
Северо-Западный,Субъект_B,МО_0205,25008,23801
Южный,Субъект_C,МО_0206,30907,31381
Приволжский,Субъект_D,МО_0207,21285,20745
Центральный,Субъект_A,МО_0208,38289,38320
Северо-Западный,Субъект_B,МО_0209,42881,41228
Южный,Субъект_C,МО_0210,30273,29227
Приволжский,Субъект_D,МО_0211,26553,27208
Центральный,Субъект_A,МО_0212,34318,34184
Северо-Западный,Субъект_B,МО_0213,21148,21184
Южный,Субъект_C,МО_0214,28606,28183
Приволжский,Субъект_D,МО_0215,10190,10003
Центральный,Субъект_A,МО_0216,3181,3251
Северо-Западный,Субъект_B,МО_0217,35226,36078
Южный,Субъект_C,МО_0218,40344,38820
Приволжский,Субъект_D,МО_0219,32144,32040
Центральный,Субъект_A,МО_0220,25544,24695
Северо-Западный,Субъект_B,МО_0221,6911,6997
Южный,Субъект_C,МО_0222,10448,10487
Приволжский,Субъект_D,МО_0223,49995,48563
Центральный,Субъект_A,МО_0224,32535,32227
Северо-Западный,Субъект_B,МО_0225,37966,36462
Южный,Субъект_C,МО_0226,1641,1626
Приволжский,Субъект_D,МО_0227,16189,16630
Центральный,Субъект_A,МО_0228,15828,15633
Северо-Западный,Субъект_B,МО_0229,33689,32052
Южный,Субъект_C,МО_0230,4636,4673
Приволжский,Субъект_D,МО_0231,48501,46804
Центральный,Субъект_A,МО_0232,8989,8844
Северо-Западный,Субъект_B,МО_0233,29042,29022
Южный,Субъект_C,МО_0234,13570,13418
Приволжский,Субъект_D,МО_0235,23479,23779
Центральный,Субъект_A,МО_0236,6016,5920
Северо-Западный,Субъект_B,МО_0237,45567,43303
Южный,Субъект_C,МО_0238,30736,30739
Приволжский,Субъект_D,МО_0239,31493,31163
Центральный,Субъект_A,МО_0240,14501,14121
Северо-Западный,Субъект_B,МО_0241,26588,25749
Южный,Субъект_C,МО_0242,49814,50961
Приволжский,Субъект_D,МО_0243,26673,26237
Центральный,Субъект_A,МО_0244,45939,44759
Северо-Западный,Субъект_B,МО_0245,27417,28216
Южный,Субъект_C,МО_0246,19361,19351
Приволжский,Субъект_D,МО_0247,47363,45130
Центральный,Субъект_A,МО_0248,27466,27955
Северо-Западный,Субъект_B,МО_0249,45955,43829
Южный,Субъект_C,МО_0250,4648,4517
Приволжский,Субъект_D,МО_0251,26809,27388
Центральный,Субъект_A,МО_0252,24051,24368
Северо-Западный,Субъект_B,МО_0253,14901,14599
Южный,Субъект_C,МО_0254,10282,10409
Приволжский,Субъект_D,МО_0255,42494,40962
Центральный,Субъект_A,МО_0256,26591,26103
Северо-Западный,Субъект_B,МО_0257,38349,39417
Южный,Субъект_C,МО_0258,31483,31575
Приволжский,Субъект_D,МО_0259,7294,7340
Центральный,Субъект_A,МО_0260,1301,1262
Северо-Западный,Субъект_B,МО_0261,25408,24917
Южный,Субъект_C,МО_0262,43176,41706
Приволжский,Субъект_D,МО_0263,16175,15696
Центральный,Субъект_A,МО_0264,23663,22926
Северо-Западный,Субъект_B,МО_0265,18726,18939
Южный,Субъект_C,МО_0266,28876,29361
Приволжский,Субъект_D,МО_0267,14106,13476
Центральный,Субъект_A,МО_0268,20184,19956
Северо-Западный,Субъект_B,МО_0269,22650,21874
Южный,Субъект_C,МО_0270,21972,22448
Приволжский,Субъект_D,МО_0271,9379,8948
Центральный,Субъект_A,МО_0272,48720,49385
Северо-Западный,Субъект_B,МО_0273,42307,41076
Южный,Субъект_C,МО_0274,32462,32488
Приволжский,Субъект_D,МО_0275,7112,6795
Центральный,Субъект_A,МО_0276,6867,7069
Северо-Западный,Субъект_B,МО_0277,12384,12015
Южный,Субъект_C,МО_0278,32000,31552
Приволжский,Субъект_D,МО_0279,14622,14404
Центральный,Субъект_A,МО_0280,47529,48576
Северо-Западный,Субъект_B,МО_0281,39183,38302
Южный,Субъект_C,МО_0282,43506,43753
Приволжский,Субъект_D,МО_0283,40256,40726
Центральный,Субъект_A,МО_0284,33194,32506
Северо-Западный,Субъект_B,МО_0285,35498,34208
Южный,Субъект_C,МО_0286,3085,3082
Приволжский,Субъект_D,МО_0287,42457,42902
Центральный,Субъект_A,МО_0288,38867,38738
Северо-Западный,Субъект_B,МО_0289,45795,43568
Южный,Субъект_C,МО_0290,4695,4754
Приволжский,Субъект_D,МО_0291,2408,2438
Центральный,Субъект_A,МО_0292,27694,26669
Северо-Западный,Субъект_B,МО_0293,5186,5308
Южный,Субъект_C,МО_0294,20667,19917
Приволжский,Субъект_D,МО_0295,35101,35180
Центральный,Субъект_A,МО_0296,3545,3536
Северо-Западный,Субъект_B,МО_0297,22938,23454
Южный,Субъект_C,МО_0298,47625,48099
Приволжский,Субъект_D,МО_0299,8854,8751
Центральный,Субъект_A,МО_0300,1448,1479
Северо-Западный,Субъект_B,МО_0301,16661,17110
Южный,Субъект_C,МО_0302,21965,22013
Приволжский,Субъект_D,МО_0303,5964,5908
Центральный,Субъект_A,МО_0304,5918,5951
Северо-Западный,Субъект_B,МО_0305,47143,46085
Южный,Субъект_C,МО_0306,3735,3762
Приволжский,Субъект_D,МО_0307,12720,12438
Центральный,Субъект_A,МО_0308,8275,8317
Северо-Западный,Субъект_B,МО_0309,11227,11131
Южный,Субъект_C,МО_0310,38889,39921
Приволжский,Субъект_D,МО_0311,26303,25984
Центральный,Субъект_A,МО_0312,46303,44581
Северо-Западный,Субъект_B,МО_0313,46422,45003
Южный,Субъект_C,МО_0314,38760,39435
Приволжский,Субъект_D,МО_0315,14984,14707
Центральный,Субъект_A,МО_0316,29563,29400
Северо-Западный,Субъект_B,МО_0317,27667,28330
Южный,Субъект_C,МО_0318,26874,25991
Приволжский,Субъект_D,МО_0319,11163,10632
Центральный,Субъект_A,МО_0320,46443,46978
Северо-Западный,Субъект_B,МО_0321,29191,28651
Южный,Субъект_C,МО_0322,46023,43990
Приволжский,Субъект_D,МО_0323,45967,46768
Центральный,Субъект_A,МО_0324,40331,39399
Северо-Западный,Субъект_B,МО_0325,47334,48032
Южный,Субъект_C,МО_0326,26170,25263
Приволжский,Субъект_D,МО_0327,34029,33499
Центральный,Субъект_A,МО_0328,31634,30493
Северо-Западный,Субъект_B,МО_0329,36255,35383
Южный,Субъект_C,МО_0330,41656,42687
Приволжский,Субъект_D,МО_0331,23407,23200
Центральный,Субъект_A,МО_0332,28662,28199
Северо-Западный,Субъект_B,МО_0333,19906,20213
Южный,Субъект_C,МО_0334,20333,20418
Приволжский,Субъект_D,МО_0335,20946,20604
Центральный,Субъект_A,МО_0336,38797,37668
Северо-Западный,Субъект_B,МО_0337,37052,37501
Южный,Субъект_C,МО_0338,4799,4718
Приволжский,Субъект_D,МО_0339,20641,20383
Центральный,Субъект_A,МО_0340,25706,25307
Северо-Западный,Субъект_B,МО_0341,13105,13087
Южный,Субъект_C,МО_0342,34353,35306
Приволжский,Субъект_D,МО_0343,32182,32049
Центральный,Субъект_A,МО_0344,7375,7043
Северо-Западный,Субъект_B,МО_0345,9793,9786
Южный,Субъект_C,МО_0346,40491,39854
Приволжский,Субъект_D,МО_0347,19354,19090
Центральный,Субъект_A,МО_0348,40210,38932
Северо-Западный,Субъект_B,МО_0349,15548,14858
Южный,Субъект_C,МО_0350,23888,24409
Приволжский,Субъект_D,МО_0351,11480,11604
Центральный,Субъект_A,МО_0352,36682,37414
Северо-Западный,Субъект_B,МО_0353,18856,18564
Южный,Субъект_C,МО_0354,39682,38074
Приволжский,Субъект_D,МО_0355,25073,25692
Центральный,Субъект_A,МО_0356,18981,19473
Северо-Западный,Субъект_B,МО_0357,48807,47164
Южный,Субъект_C,МО_0358,38509,37182
Приволжский,Субъект_D,МО_0359,9667,9293
Центральный,Субъект_A,МО_0360,44048,43904
Северо-Западный,Субъект_B,МО_0361,2756,2684
Южный,Субъект_C,МО_0362,19223,19303
Приволжский,Субъект_D,МО_0363,23913,24204
Центральный,Субъект_A,МО_0364,47998,47464
Северо-Западный,Субъект_B,МО_0365,35118,35912
Южный,Субъект_C,МО_0366,22315,22231
Приволжский,Субъект_D,МО_0367,49341,49569
Центральный,Субъект_A,МО_0368,25083,24304
Северо-Западный,Субъект_B,МО_0369,36571,37244
Южный,Субъект_C,МО_0370,3654,3648
Приволжский,Субъект_D,МО_0371,31237,30419
Центральный,Субъект_A,МО_0372,8661,8913
Северо-Западный,Субъект_B,МО_0373,12425,12436
Южный,Субъект_C,МО_0374,31903,30492
Приволжский,Субъект_D,МО_0375,33764,34487
Центральный,Субъект_A,МО_0376,48465,48165
Северо-Западный,Субъект_B,МО_0377,45118,45381
Южный,Субъект_C,МО_0378,15814,16077
Приволжский,Субъект_D,МО_0379,43876,45111
Центральный,Субъект_A,МО_0380,39413,39450
Северо-Западный,Субъект_B,МО_0381,9846,9745
Южный,Субъект_C,МО_0382,16400,16651
Приволжский,Субъект_D,МО_0383,16640,16116
Центральный,Субъект_A,МО_0384,13634,13742
Северо-Западный,Субъект_B,МО_0385,16792,17049
Южный,Субъект_C,МО_0386,22499,21632
Приволжский,Субъект_D,МО_0387,30673,29797
Центральный,Субъект_A,МО_0388,17116,17215
Северо-Западный,Субъект_B,МО_0389,7200,7102
Южный,Субъект_C,МО_0390,38086,37638
Приволжский,Субъект_D,МО_0391,30626,30814
Центральный,Субъект_A,МО_0392,7035,7241
Северо-Западный,Субъект_B,МО_0393,11228,10867
Южный,Субъект_C,МО_0394,39007,39001
Приволжский,Субъект_D,МО_0395,27003,25718
Центральный,Субъект_A,МО_0396,15100,14562
Северо-Западный,Субъект_B,МО_0397,32824,31697
Южный,Субъект_C,МО_0398,5578,5654
Приволжский,Субъект_D,МО_0399,43990,44454
