mo,true_type
МО_0000,0
МО_0001,3
МО_0002,2
МО_0003,1
МО_0004,1
МО_0005,3
МО_0006,0
МО_0007,2
МО_0008,0
МО_0009,0
МО_0010,2
МО_0011,3
МО_0012,2
МО_0013,3
МО_0014,2
МО_0015,3
МО_0016,2
МО_0017,0
МО_0018,3
МО_0019,1
МО_0020,2
МО_0021,1
МО_0022,0
МО_0023,3
МО_0024,3
МО_0025,2
МО_0026,1
МО_0027,3
МО_0028,2
МО_0029,1
МО_0030,1
МО_0031,0
МО_0032,0
МО_0033,2
МО_0034,3
МО_0035,0
МО_0036,3
МО_0037,3
МО_0038,1
МО_0039,2
МО_0040,0
МО_0041,3
МО_0042,2
МО_0043,1
МО_0044,0
МО_0045,3
МО_0046,1
МО_0047,3
МО_0048,2
МО_0049,3
МО_0050,3
МО_0051,0
МО_0052,1
МО_0053,1
МО_0054,1
МО_0055,0
МО_0056,2
МО_0057,0
МО_0058,2
МО_0059,2
МО_0060,3
МО_0061,2
МО_0062,1
МО_0063,3
МО_0064,1
МО_0065,1
МО_0066,3
МО_0067,1
МО_0068,0
МО_0069,1
МО_0070,3
МО_0071,0
МО_0072,1
МО_0073,0
МО_0074,2
МО_0075,1
МО_0076,1
МО_0077,0
МО_0078,2
МО_0079,2
МО_0080,3
МО_0081,1
МО_0082,0
МО_0083,3
МО_0084,2
МО_0085,2
МО_0086,0
МО_0087,1
МО_0088,3
МО_0089,3
МО_0090,1
МО_0091,3
МО_0092,3
МО_0093,1
МО_0094,3
МО_0095,1
МО_0096,0
МО_0097,2
МО_0098,2
МО_0099,0
МО_0100,3
МО_0101,0
МО_0102,3
МО_0103,0
МО_0104,3
МО_0105,3
МО_0106,3
МО_0107,2
МО_0108,1
МО_0109,2
МО_0110,1
МО_0111,3
МО_0112,2
МО_0113,1
МО_0114,2
МО_0115,2
МО_0116,0
МО_0117,0
МО_0118,0
МО_0119,0
МО_0120,1
МО_0121,2
МО_0122,2
МО_0123,1
МО_0124,3
МО_0125,2
МО_0126,0
МО_0127,3
МО_0128,2
МО_0129,2
МО_0130,2
МО_0131,2
МО_0132,0
МО_0133,2
МО_0134,3
МО_0135,1
МО_0136,2
МО_0137,0
МО_0138,1
МО_0139,1
МО_0140,3
МО_0141,0
МО_0142,1
МО_0143,1
МО_0144,3
МО_0145,3
МО_0146,0
МО_0147,0
МО_0148,3
МО_0149,0
МО_0150,3
МО_0151,1
МО_0152,3
МО_0153,1
МО_0154,1
МО_0155,2
МО_0156,0
МО_0157,2
МО_0158,2
МО_0159,3
МО_0160,3
МО_0161,2
МО_0162,1
МО_0163,1
МО_0164,1
МО_0165,3
МО_0166,1
МО_0167,0
МО_0168,1
МО_0169,0
МО_0170,0
МО_0171,0
МО_0172,3
МО_0173,2
МО_0174,2
МО_0175,1
МО_0176,2
МО_0177,0
МО_0178,3
МО_0179,2
МО_0180,3
МО_0181,0
МО_0182,1
МО_0183,2
МО_0184,1
МО_0185,1
МО_0186,0
МО_0187,1
МО_0188,0
МО_0189,1
МО_0190,2
МО_0191,2
МО_0192,2
МО_0193,1
МО_0194,3
МО_0195,0
МО_0196,1
МО_0197,0
МО_0198,1
МО_0199,3
МО_0200,1
МО_0201,3
МО_0202,1
МО_0203,2
МО_0204,1
МО_0205,1
МО_0206,3
МО_0207,3
МО_0208,1
МО_0209,3
МО_0210,1
МО_0211,2
МО_0212,3
МО_0213,1
МО_0214,2
МО_0215,1
МО_0216,0
МО_0217,0
МО_0218,1
МО_0219,3
МО_0220,0
МО_0221,1
МО_0222,2
МО_0223,0
МО_0224,2
МО_0225,1
МО_0226,3
МО_0227,2
МО_0228,2
МО_0229,0
МО_0230,1
МО_0231,3
МО_0232,0
МО_0233,3
МО_0234,1
МО_0235,2
МО_0236,2
МО_0237,1
МО_0238,1
МО_0239,2
МО_0240,0
МО_0241,2
МО_0242,0
МО_0243,2
МО_0244,2
МО_0245,0
МО_0246,3
МО_0247,1
МО_0248,3
МО_0249,0
МО_0250,0
МО_0251,1
МО_0252,0
МО_0253,1
МО_0254,2
МО_0255,0
МО_0256,2
МО_0257,0
МО_0258,0
МО_0259,2
МО_0260,3
МО_0261,0
МО_0262,1
МО_0263,3
МО_0264,3
МО_0265,2
МО_0266,1
МО_0267,1
МО_0268,2
МО_0269,2
МО_0270,1
МО_0271,0
МО_0272,0
МО_0273,3
МО_0274,1
МО_0275,1
МО_0276,1
МО_0277,3
МО_0278,0
МО_0279,0
МО_0280,1
МО_0281,1
МО_0282,2
МО_0283,1
МО_0284,1
МО_0285,3
МО_0286,0
МО_0287,2
МО_0288,2
МО_0289,1
МО_0290,3
МО_0291,1
МО_0292,3
МО_0293,1
МО_0294,2
МО_0295,2
МО_0296,3
МО_0297,1
МО_0298,1
МО_0299,0
МО_0300,1
МО_0301,3
МО_0302,0
МО_0303,3
МО_0304,2
МО_0305,0
МО_0306,1
МО_0307,2
МО_0308,1
МО_0309,0
МО_0310,2
МО_0311,2
МО_0312,0
МО_0313,1
МО_0314,0
МО_0315,2
МО_0316,2
МО_0317,2
МО_0318,3
МО_0319,3
МО_0320,1
МО_0321,0
МО_0322,2
МО_0323,3
МО_0324,3
МО_0325,0
МО_0326,0
МО_0327,0
МО_0328,0
МО_0329,2
МО_0330,2
МО_0331,1
МО_0332,1
МО_0333,3
МО_0334,1
МО_0335,3
МО_0336,3
МО_0337,1
МО_0338,0
МО_0339,3
МО_0340,2
МО_0341,1
МО_0342,2
МО_0343,2
МО_0344,3
МО_0345,1
МО_0346,3
МО_0347,3
МО_0348,0
МО_0349,0
МО_0350,2
МО_0351,0
МО_0352,1
МО_0353,1
МО_0354,3
МО_0355,3
МО_0356,0
МО_0357,3
МО_0358,0
МО_0359,2
МО_0360,3
МО_0361,3
МО_0362,0
МО_0363,3
МО_0364,0
МО_0365,2
МО_0366,1
МО_0367,1
МО_0368,0
МО_0369,3
МО_0370,1
МО_0371,2
МО_0372,1
МО_0373,1
МО_0374,3
МО_0375,0
МО_0376,2
МО_0377,2
МО_0378,1
МО_0379,1
МО_0380,0
МО_0381,3
МО_0382,3
МО_0383,0
МО_0384,0
МО_0385,-1
МО_0386,-1
МО_0387,-1
МО_0388,-1
МО_0389,-1
МО_0390,-1
МО_0391,-1
МО_0392,-1
МО_0393,-1
МО_0394,-1
МО_0395,-1
МО_0396,-1
МО_0397,-1
МО_0398,-1
МО_0399,-1
