feature,median_small,iqr_small,median_large,iqr_large,mannwhitney_p,effect_r,n_small,n_large
A1,-0.31851710188131,0.6761807883593441,0.0950243322043666,0.4971783021751508,0.49957881199294385,0.033842342344293216,20,378
A2,-0.3458863467307677,0.7763133649456075,0.1215365423674977,0.536989589082506,0.2748278376225911,0.05473761427917439,20,378
B1,-0.00520218099302645,0.009749331678293475,-0.0037077461491797,0.011955882503970925,0.2287030967819247,0.06033634742919039,20,378
B2,-0.06242617191631815,0.11699198013952165,-0.044492953790156956,0.14347059004765206,0.2287030967819247,0.06033634742919039,20,378
C1,0.30197511378550335,0.27193071157617427,0.24425530845999038,0.26844337340103197,0.25102670889440026,0.05753698085418241,20,378
C2,0.04880395497231015,0.16827041667330828,-0.0093274359133404,0.11952897156237227,0.6951117199091679,0.019645554713895473,20,378
C3,-0.0823106701123311,0.2178685804433725,-0.00123841543631085,0.13719923921982405,0.20496523325733396,0.06353562351491385,20,378
C4,-0.0479406327614418,0.19736892496292507,0.017379829845965502,0.15433178675442655,0.7233154416382267,0.01774598453799718,20,378
C5,0.0257482737284658,0.2141734095367626,-0.0120279556004821,0.11603765319428108,0.13389993212914686,0.07513299932566132,20,378
D1,0.05804849547088635,0.019210004410247172,0.05758378027866695,0.016365212108638123,0.8116113354195481,0.011947296632623455,20,378
D2,0.0,0.0869565217391304,0.0,0.0869565217391304,0.4487685687715134,0.037968520523560256,20,378
