row,mo,n_changes
56,МО_0056,11
42,МО_0042,11
83,МО_0084,11
106,МО_0107,11
96,МО_0097,11
120,МО_0121,11
178,МО_0179,11
172,МО_0173,11
113,МО_0114,11
130,МО_0131,11
111,МО_0112,11
25,МО_0025,11
175,МО_0176,11
16,МО_0016,11
79,МО_0079,10
263,МО_0265,10
239,МО_0241,10
267,МО_0269,10
357,МО_0359,10
10,МО_0010,10
212,МО_0214,10
233,МО_0235,10
341,МО_0343,10
302,МО_0304,10
127,МО_0128,10
129,МО_0130,10
124,МО_0125,10
61,МО_0061,10
78,МО_0078,10
285,МО_0287,10
280,МО_0282,10
84,МО_0085,10
160,МО_0161,10
327,МО_0329,10
190,МО_0191,10
58,МО_0058,10
59,МО_0059,10
292,МО_0294,10
320,МО_0322,10
173,МО_0174,10
220,МО_0222,10
241,МО_0243,10
209,МО_0211,10
135,МО_0136,9
243,МО_0245,9
132,МО_0133,9
95,МО_0096,9
338,МО_0340,9
48,МО_0048,9
238,МО_0240,9
